"Edition"	"Discipline"	"Event_gender"	"c"
"1896"	"artistic g."	"men"	8
"1896"	"athletics"	"men"	12
"1896"	"cycling road"	"men"	1
"1896"	"cycling track"	"men"	5
"1896"	"fencing"	"men"	3
"1896"	"shooting"	"men"	5
"1896"	"swimming"	"men"	4
"1896"	"tennis"	"men"	2
"1896"	"weightlifting"	"men"	2
"1896"	"wrestling gre-r"	"men"	1
"1900"	"archery"	"men"	6
"1900"	"artistic g."	"men"	1
"1900"	"athletics"	"men"	23
"1900"	"basque pelota"	"men"	1
"1900"	"cricket"	"men"	1
"1900"	"croquet"	"men"	3
"1900"	"cycling track"	"men"	2
"1900"	"fencing"	"men"	7
"1900"	"football"	"men"	1
"1900"	"golf"	"men"	1
"1900"	"golf"	"women"	1
"1900"	"jumping"	"open/mixed"	3
"1900"	"polo"	"men"	1
"1900"	"rowing"	"men"	4
"1900"	"rugby"	"men"	1
"1900"	"sailing"	"open/mixed"	4
"1900"	"shooting"	"men"	9
"1900"	"swimming"	"men"	7
"1900"	"tennis"	"men"	2
"1900"	"tennis"	"women"	1
"1900"	"tennis"	"open/mixed"	1
"1900"	"tug of war"	"men"	1
"1900"	"water polo"	"men"	1
"1904"	"archery"	"men"	3
"1904"	"archery"	"women"	3
"1904"	"artistic g."	"men"	11
"1904"	"athletics"	"men"	25
"1904"	"boxing"	"men"	7
"1904"	"cycling track"	"men"	7
"1904"	"diving"	"men"	2
"1904"	"fencing"	"men"	5
"1904"	"football"	"men"	1
"1904"	"golf"	"men"	2
"1904"	"lacrosse"	"men"	1
"1904"	"roque"	"men"	1
"1904"	"rowing"	"men"	5
"1904"	"swimming"	"men"	9
"1904"	"tennis"	"men"	2
"1904"	"tug of war"	"men"	1
"1904"	"weightlifting"	"men"	2
"1904"	"wrestling free."	"men"	7
"1908"	"archery"	"men"	2
"1908"	"archery"	"women"	1
"1908"	"artistic g."	"men"	2
"1908"	"athletics"	"men"	26
"1908"	"boxing"	"men"	5
"1908"	"cycling track"	"men"	6
"1908"	"diving"	"men"	2
"1908"	"fencing"	"men"	4
"1908"	"figure skating"	"men"	2
"1908"	"figure skating"	"women"	1
"1908"	"figure skating"	"open/mixed"	1
"1908"	"football"	"men"	1
"1908"	"hockey"	"men"	1
"1908"	"jeu de paume"	"men"	1
"1908"	"lacrosse"	"men"	1
"1908"	"polo"	"men"	1
"1908"	"rackets"	"men"	2
"1908"	"rowing"	"men"	4
"1908"	"rugby"	"men"	1
"1908"	"sailing"	"open/mixed"	4
"1908"	"shooting"	"men"	15
"1908"	"swimming"	"men"	6
"1908"	"tennis"	"men"	4
"1908"	"tennis"	"women"	2
"1908"	"tug of war"	"men"	1
"1908"	"water motorspor"	"men"	3
"1908"	"water polo"	"men"	1
"1908"	"wrestling free."	"men"	5
"1908"	"wrestling gre-r"	"men"	4
"1912"	"artistic g."	"men"	4
"1912"	"athletics"	"men"	30
"1912"	"cycling road"	"men"	2
"1912"	"diving"	"men"	3
"1912"	"diving"	"women"	1
"1912"	"dressage"	"open/mixed"	1
"1912"	"eventing"	"open/mixed"	2
"1912"	"fencing"	"men"	5
"1912"	"football"	"men"	1
"1912"	"jumping"	"open/mixed"	2
"1912"	"modern pentath."	"men"	1
"1912"	"rowing"	"men"	4
"1912"	"sailing"	"open/mixed"	4
"1912"	"shooting"	"men"	18
"1912"	"swimming"	"men"	7
"1912"	"swimming"	"women"	2
"1912"	"tennis"	"men"	4
"1912"	"tennis"	"women"	2
"1912"	"tennis"	"open/mixed"	2
"1912"	"tug of war"	"men"	1
"1912"	"water polo"	"men"	1
"1912"	"wrestling gre-r"	"men"	4
"1920"	"archery"	"men"	10
"1920"	"artistic g."	"men"	4
"1920"	"athletics"	"men"	29
"1920"	"boxing"	"men"	8
"1920"	"cycling road"	"men"	2
"1920"	"cycling track"	"men"	4
"1920"	"diving"	"men"	3
"1920"	"diving"	"women"	2
"1920"	"dressage"	"open/mixed"	1
"1920"	"eventing"	"open/mixed"	1
"1920"	"fencing"	"men"	6
"1920"	"figure skating"	"men"	1
"1920"	"figure skating"	"women"	1
"1920"	"figure skating"	"open/mixed"	1
"1920"	"football"	"men"	1
"1920"	"hockey"	"men"	1
"1920"	"ice hockey"	"men"	1
"1920"	"jumping"	"open/mixed"	2
"1920"	"modern pentath."	"men"	1
"1920"	"polo"	"men"	1
"1920"	"rowing"	"men"	5
"1920"	"rugby"	"men"	1
"1920"	"sailing"	"men"	2
"1920"	"sailing"	"open/mixed"	12
"1920"	"shooting"	"men"	21
"1920"	"swimming"	"men"	7
"1920"	"swimming"	"women"	3
"1920"	"tennis"	"men"	2
"1920"	"tennis"	"women"	2
"1920"	"tennis"	"open/mixed"	1
"1920"	"tug of war"	"men"	1
"1920"	"vaulting"	"open/mixed"	2
"1920"	"water polo"	"men"	1
"1920"	"weightlifting"	"men"	5
"1920"	"wrestling free."	"men"	5
"1920"	"wrestling gre-r"	"men"	5
"1924"	"artistic g."	"men"	9
"1924"	"athletics"	"men"	27
"1924"	"boxing"	"men"	8
"1924"	"cycling road"	"men"	2
"1924"	"cycling track"	"men"	4
"1924"	"diving"	"men"	3
"1924"	"diving"	"women"	2
"1924"	"dressage"	"open/mixed"	1
"1924"	"eventing"	"open/mixed"	2
"1924"	"fencing"	"men"	6
"1924"	"fencing"	"women"	1
"1924"	"football"	"men"	1
"1924"	"jumping"	"open/mixed"	2
"1924"	"modern pentath."	"men"	1
"1924"	"polo"	"men"	1
"1924"	"rowing"	"men"	7
"1924"	"rugby"	"men"	1
"1924"	"sailing"	"open/mixed"	3
"1924"	"shooting"	"men"	10
"1924"	"swimming"	"men"	6
"1924"	"swimming"	"women"	5
"1924"	"tennis"	"men"	2
"1924"	"tennis"	"women"	2
"1924"	"tennis"	"open/mixed"	1
"1924"	"water polo"	"men"	1
"1924"	"weightlifting"	"men"	5
"1924"	"wrestling free."	"men"	7
"1924"	"wrestling gre-r"	"men"	6
"1928"	"artistic g."	"men"	7
"1928"	"artistic g."	"women"	1
"1928"	"athletics"	"men"	22
"1928"	"athletics"	"women"	5
"1928"	"boxing"	"men"	8
"1928"	"cycling road"	"men"	2
"1928"	"cycling track"	"men"	5
"1928"	"diving"	"men"	2
"1928"	"diving"	"women"	2
"1928"	"dressage"	"open/mixed"	2
"1928"	"eventing"	"open/mixed"	2
"1928"	"fencing"	"men"	5
"1928"	"fencing"	"women"	1
"1928"	"football"	"men"	1
"1928"	"hockey"	"men"	1
"1928"	"jumping"	"open/mixed"	2
"1928"	"modern pentath."	"men"	1
"1928"	"rowing"	"men"	7
"1928"	"sailing"	"open/mixed"	3
"1928"	"swimming"	"men"	6
"1928"	"swimming"	"women"	5
"1928"	"water polo"	"men"	1
"1928"	"weightlifting"	"men"	5
"1928"	"wrestling free."	"men"	7
"1928"	"wrestling gre-r"	"men"	6
"1932"	"artistic g."	"men"	11
"1932"	"athletics"	"men"	23
"1932"	"athletics"	"women"	6
"1932"	"boxing"	"men"	8
"1932"	"cycling road"	"men"	2
"1932"	"cycling track"	"men"	4
"1932"	"diving"	"men"	2
"1932"	"diving"	"women"	2
"1932"	"dressage"	"open/mixed"	2
"1932"	"eventing"	"open/mixed"	2
"1932"	"fencing"	"men"	6
"1932"	"fencing"	"women"	1
"1932"	"hockey"	"men"	1
"1932"	"jumping"	"open/mixed"	1
"1932"	"modern pentath."	"men"	1
"1932"	"rowing"	"men"	7
"1932"	"sailing"	"open/mixed"	4
"1932"	"shooting"	"men"	2
"1932"	"swimming"	"men"	6
"1932"	"swimming"	"women"	5
"1932"	"water polo"	"men"	1
"1932"	"weightlifting"	"men"	5
"1932"	"wrestling free."	"men"	7
"1932"	"wrestling gre-r"	"men"	7
"1936"	"artistic g."	"men"	8
"1936"	"artistic g."	"women"	1
"1936"	"athletics"	"men"	23
"1936"	"athletics"	"women"	6
"1936"	"basketball"	"men"	1
"1936"	"boxing"	"men"	8
"1936"	"canoe / kayak f"	"men"	9
"1936"	"cycling road"	"men"	2
"1936"	"cycling track"	"men"	4
"1936"	"diving"	"men"	2
"1936"	"diving"	"women"	2
"1936"	"dressage"	"open/mixed"	2
"1936"	"eventing"	"open/mixed"	2
"1936"	"fencing"	"men"	6
"1936"	"fencing"	"women"	1
"1936"	"football"	"men"	1
"1936"	"handball"	"men"	1
"1936"	"hockey"	"men"	1
"1936"	"jumping"	"open/mixed"	2
"1936"	"modern pentath."	"men"	1
"1936"	"polo"	"men"	1
"1936"	"rowing"	"men"	7
"1936"	"sailing"	"open/mixed"	4
"1936"	"shooting"	"men"	3
"1936"	"swimming"	"men"	6
"1936"	"swimming"	"women"	5
"1936"	"water polo"	"men"	1
"1936"	"weightlifting"	"men"	5
"1936"	"wrestling free."	"men"	7
"1936"	"wrestling gre-r"	"men"	7
"1948"	"artistic g."	"men"	8
"1948"	"artistic g."	"women"	1
"1948"	"athletics"	"men"	24
"1948"	"athletics"	"women"	9
"1948"	"basketball"	"men"	1
"1948"	"boxing"	"men"	8
"1948"	"canoe / kayak f"	"men"	8
"1948"	"canoe / kayak f"	"women"	1
"1948"	"cycling road"	"men"	2
"1948"	"cycling track"	"men"	4
"1948"	"diving"	"men"	2
"1948"	"diving"	"women"	2
"1948"	"dressage"	"open/mixed"	2
"1948"	"eventing"	"open/mixed"	2
"1948"	"fencing"	"men"	6
"1948"	"fencing"	"women"	1
"1948"	"football"	"men"	1
"1948"	"hockey"	"men"	1
"1948"	"jumping"	"open/mixed"	2
"1948"	"modern pentath."	"men"	1
"1948"	"rowing"	"men"	7
"1948"	"sailing"	"open/mixed"	5
"1948"	"shooting"	"men"	4
"1948"	"swimming"	"men"	6
"1948"	"swimming"	"women"	5
"1948"	"water polo"	"men"	1
"1948"	"weightlifting"	"men"	6
"1948"	"wrestling free."	"men"	8
"1948"	"wrestling gre-r"	"men"	8
"1952"	"artistic g."	"men"	8
"1952"	"artistic g."	"women"	7
"1952"	"athletics"	"men"	24
"1952"	"athletics"	"women"	9
"1952"	"basketball"	"men"	1
"1952"	"boxing"	"men"	10
"1952"	"canoe / kayak f"	"men"	8
"1952"	"canoe / kayak f"	"women"	1
"1952"	"cycling road"	"men"	2
"1952"	"cycling track"	"men"	4
"1952"	"diving"	"men"	2
"1952"	"diving"	"women"	2
"1952"	"dressage"	"open/mixed"	2
"1952"	"eventing"	"open/mixed"	2
"1952"	"fencing"	"men"	6
"1952"	"fencing"	"women"	1
"1952"	"football"	"men"	1
"1952"	"hockey"	"men"	1
"1952"	"jumping"	"open/mixed"	2
"1952"	"modern pentath."	"men"	2
"1952"	"rowing"	"men"	7
"1952"	"sailing"	"men"	1
"1952"	"sailing"	"open/mixed"	4
"1952"	"shooting"	"men"	7
"1952"	"swimming"	"men"	6
"1952"	"swimming"	"women"	5
"1952"	"water polo"	"men"	1
"1952"	"weightlifting"	"men"	7
"1952"	"wrestling free."	"men"	8
"1952"	"wrestling gre-r"	"men"	8
"1956"	"artistic g."	"men"	8
"1956"	"artistic g."	"women"	7
"1956"	"athletics"	"men"	24
"1956"	"athletics"	"women"	9
"1956"	"basketball"	"men"	1
"1956"	"boxing"	"men"	10
"1956"	"canoe / kayak f"	"men"	8
"1956"	"canoe / kayak f"	"women"	1
"1956"	"cycling road"	"men"	2
"1956"	"cycling track"	"men"	4
"1956"	"diving"	"men"	2
"1956"	"diving"	"women"	2
"1956"	"dressage"	"open/mixed"	2
"1956"	"eventing"	"open/mixed"	2
"1956"	"fencing"	"men"	6
"1956"	"fencing"	"women"	1
"1956"	"football"	"men"	1
"1956"	"hockey"	"men"	1
"1956"	"jumping"	"open/mixed"	2
"1956"	"modern pentath."	"men"	2
"1956"	"rowing"	"men"	7
"1956"	"sailing"	"men"	1
"1956"	"sailing"	"open/mixed"	4
"1956"	"shooting"	"men"	7
"1956"	"swimming"	"men"	7
"1956"	"swimming"	"women"	6
"1956"	"water polo"	"men"	1
"1956"	"weightlifting"	"men"	7
"1956"	"wrestling free."	"men"	8
"1956"	"wrestling gre-r"	"men"	8
"1960"	"artistic g."	"men"	8
"1960"	"artistic g."	"women"	6
"1960"	"athletics"	"men"	24
"1960"	"athletics"	"women"	10
"1960"	"basketball"	"men"	1
"1960"	"boxing"	"men"	10
"1960"	"canoe / kayak f"	"men"	5
"1960"	"canoe / kayak f"	"women"	2
"1960"	"cycling road"	"men"	2
"1960"	"cycling track"	"men"	4
"1960"	"diving"	"men"	2
"1960"	"diving"	"women"	2
"1960"	"dressage"	"open/mixed"	1
"1960"	"eventing"	"open/mixed"	2
"1960"	"fencing"	"men"	6
"1960"	"fencing"	"women"	2
"1960"	"football"	"men"	1
"1960"	"hockey"	"men"	1
"1960"	"jumping"	"open/mixed"	2
"1960"	"modern pentath."	"men"	2
"1960"	"rowing"	"men"	7
"1960"	"sailing"	"men"	1
"1960"	"sailing"	"open/mixed"	4
"1960"	"shooting"	"men"	6
"1960"	"swimming"	"men"	8
"1960"	"swimming"	"women"	7
"1960"	"water polo"	"men"	1
"1960"	"weightlifting"	"men"	7
"1960"	"wrestling free."	"men"	8
"1960"	"wrestling gre-r"	"men"	8
"1964"	"artistic g."	"men"	8
"1964"	"artistic g."	"women"	6
"1964"	"athletics"	"men"	24
"1964"	"athletics"	"women"	12
"1964"	"basketball"	"men"	1
"1964"	"boxing"	"men"	10
"1964"	"canoe / kayak f"	"men"	5
"1964"	"canoe / kayak f"	"women"	2
"1964"	"cycling road"	"men"	2
"1964"	"cycling track"	"men"	5
"1964"	"diving"	"men"	2
"1964"	"diving"	"women"	2
"1964"	"dressage"	"open/mixed"	2
"1964"	"eventing"	"open/mixed"	2
"1964"	"fencing"	"men"	6
"1964"	"fencing"	"women"	2
"1964"	"football"	"men"	1
"1964"	"hockey"	"men"	1
"1964"	"judo"	"men"	4
"1964"	"jumping"	"open/mixed"	2
"1964"	"modern pentath."	"men"	2
"1964"	"rowing"	"men"	7
"1964"	"sailing"	"men"	1
"1964"	"sailing"	"open/mixed"	4
"1964"	"shooting"	"men"	6
"1964"	"swimming"	"men"	10
"1964"	"swimming"	"women"	8
"1964"	"volleyball"	"men"	1
"1964"	"volleyball"	"women"	1
"1964"	"water polo"	"men"	1
"1964"	"weightlifting"	"men"	7
"1964"	"wrestling free."	"men"	8
"1964"	"wrestling gre-r"	"men"	8
"1968"	"artistic g."	"men"	8
"1968"	"artistic g."	"women"	6
"1968"	"athletics"	"men"	24
"1968"	"athletics"	"women"	12
"1968"	"basketball"	"men"	1
"1968"	"boxing"	"men"	11
"1968"	"canoe / kayak f"	"men"	5
"1968"	"canoe / kayak f"	"women"	2
"1968"	"cycling road"	"men"	2
"1968"	"cycling track"	"men"	5
"1968"	"diving"	"men"	2
"1968"	"diving"	"women"	2
"1968"	"dressage"	"open/mixed"	2
"1968"	"eventing"	"open/mixed"	2
"1968"	"fencing"	"men"	6
"1968"	"fencing"	"women"	2
"1968"	"football"	"men"	1
"1968"	"hockey"	"men"	1
"1968"	"jumping"	"open/mixed"	2
"1968"	"modern pentath."	"men"	2
"1968"	"rowing"	"men"	7
"1968"	"sailing"	"men"	1
"1968"	"sailing"	"open/mixed"	4
"1968"	"shooting"	"men"	7
"1968"	"swimming"	"men"	15
"1968"	"swimming"	"women"	14
"1968"	"volleyball"	"men"	1
"1968"	"volleyball"	"women"	1
"1968"	"water polo"	"men"	1
"1968"	"weightlifting"	"men"	7
"1968"	"wrestling free."	"men"	8
"1968"	"wrestling gre-r"	"men"	8
"1972"	"archery"	"men"	1
"1972"	"archery"	"women"	1
"1972"	"artistic g."	"men"	8
"1972"	"artistic g."	"women"	6
"1972"	"athletics"	"men"	24
"1972"	"athletics"	"women"	14
"1972"	"basketball"	"men"	1
"1972"	"boxing"	"men"	11
"1972"	"canoe / kayak f"	"men"	5
"1972"	"canoe / kayak f"	"women"	2
"1972"	"canoe / kayak s"	"men"	3
"1972"	"canoe / kayak s"	"women"	1
"1972"	"cycling road"	"men"	2
"1972"	"cycling track"	"men"	5
"1972"	"diving"	"men"	2
"1972"	"diving"	"women"	2
"1972"	"dressage"	"open/mixed"	2
"1972"	"eventing"	"open/mixed"	2
"1972"	"fencing"	"men"	6
"1972"	"fencing"	"women"	2
"1972"	"football"	"men"	1
"1972"	"handball"	"men"	1
"1972"	"hockey"	"men"	1
"1972"	"judo"	"men"	6
"1972"	"jumping"	"open/mixed"	2
"1972"	"modern pentath."	"men"	2
"1972"	"rowing"	"men"	7
"1972"	"sailing"	"men"	1
"1972"	"sailing"	"open/mixed"	5
"1972"	"shooting"	"open/mixed"	8
"1972"	"swimming"	"men"	15
"1972"	"swimming"	"women"	14
"1972"	"volleyball"	"men"	1
"1972"	"volleyball"	"women"	1
"1972"	"water polo"	"men"	1
"1972"	"weightlifting"	"men"	9
"1972"	"wrestling free."	"men"	10
"1972"	"wrestling gre-r"	"men"	10
"1976"	"archery"	"men"	1
"1976"	"archery"	"women"	1
"1976"	"artistic g."	"men"	8
"1976"	"artistic g."	"women"	6
"1976"	"athletics"	"men"	23
"1976"	"athletics"	"women"	14
"1976"	"basketball"	"men"	1
"1976"	"basketball"	"women"	1
"1976"	"boxing"	"men"	11
"1976"	"canoe / kayak f"	"men"	9
"1976"	"canoe / kayak f"	"women"	2
"1976"	"cycling road"	"men"	2
"1976"	"cycling track"	"men"	4
"1976"	"diving"	"men"	2
"1976"	"diving"	"women"	2
"1976"	"dressage"	"open/mixed"	2
"1976"	"eventing"	"open/mixed"	2
"1976"	"fencing"	"men"	6
"1976"	"fencing"	"women"	2
"1976"	"football"	"men"	1
"1976"	"handball"	"men"	1
"1976"	"handball"	"women"	1
"1976"	"hockey"	"men"	1
"1976"	"judo"	"men"	6
"1976"	"jumping"	"open/mixed"	2
"1976"	"modern pentath."	"men"	2
"1976"	"rowing"	"men"	8
"1976"	"rowing"	"women"	6
"1976"	"sailing"	"men"	2
"1976"	"sailing"	"open/mixed"	4
"1976"	"shooting"	"open/mixed"	7
"1976"	"swimming"	"men"	13
"1976"	"swimming"	"women"	13
"1976"	"volleyball"	"men"	1
"1976"	"volleyball"	"women"	1
"1976"	"water polo"	"men"	1
"1976"	"weightlifting"	"men"	9
"1976"	"wrestling free."	"men"	10
"1976"	"wrestling gre-r"	"men"	10
"1980"	"archery"	"men"	1
"1980"	"archery"	"women"	1
"1980"	"artistic g."	"men"	8
"1980"	"artistic g."	"women"	6
"1980"	"athletics"	"men"	24
"1980"	"athletics"	"women"	14
"1980"	"basketball"	"men"	1
"1980"	"basketball"	"women"	1
"1980"	"boxing"	"men"	11
"1980"	"canoe / kayak f"	"men"	9
"1980"	"canoe / kayak f"	"women"	2
"1980"	"cycling road"	"men"	2
"1980"	"cycling track"	"men"	4
"1980"	"diving"	"men"	2
"1980"	"diving"	"women"	2
"1980"	"dressage"	"open/mixed"	2
"1980"	"eventing"	"open/mixed"	2
"1980"	"fencing"	"men"	6
"1980"	"fencing"	"women"	2
"1980"	"football"	"men"	1
"1980"	"handball"	"men"	1
"1980"	"handball"	"women"	1
"1980"	"hockey"	"men"	1
"1980"	"hockey"	"women"	1
"1980"	"judo"	"men"	8
"1980"	"jumping"	"open/mixed"	2
"1980"	"modern pentath."	"men"	2
"1980"	"rowing"	"men"	8
"1980"	"rowing"	"women"	6
"1980"	"sailing"	"men"	2
"1980"	"sailing"	"open/mixed"	4
"1980"	"shooting"	"open/mixed"	7
"1980"	"swimming"	"men"	13
"1980"	"swimming"	"women"	13
"1980"	"volleyball"	"men"	1
"1980"	"volleyball"	"women"	1
"1980"	"water polo"	"men"	1
"1980"	"weightlifting"	"men"	10
"1980"	"wrestling free."	"men"	10
"1980"	"wrestling gre-r"	"men"	10
"1984"	"archery"	"men"	1
"1984"	"archery"	"women"	1
"1984"	"artistic g."	"men"	8
"1984"	"artistic g."	"women"	6
"1984"	"athletics"	"men"	24
"1984"	"athletics"	"women"	17
"1984"	"basketball"	"men"	1
"1984"	"basketball"	"women"	1
"1984"	"boxing"	"men"	12
"1984"	"canoe / kayak f"	"men"	9
"1984"	"canoe / kayak f"	"women"	3
"1984"	"cycling road"	"men"	2
"1984"	"cycling road"	"women"	1
"1984"	"cycling track"	"men"	5
"1984"	"diving"	"men"	2
"1984"	"diving"	"women"	2
"1984"	"dressage"	"open/mixed"	2
"1984"	"eventing"	"open/mixed"	2
"1984"	"fencing"	"men"	6
"1984"	"fencing"	"women"	2
"1984"	"football"	"men"	1
"1984"	"handball"	"men"	1
"1984"	"handball"	"women"	1
"1984"	"hockey"	"men"	1
"1984"	"hockey"	"women"	1
"1984"	"judo"	"men"	8
"1984"	"jumping"	"open/mixed"	2
"1984"	"modern pentath."	"men"	2
"1984"	"rhythmic g."	"women"	1
"1984"	"rowing"	"men"	8
"1984"	"rowing"	"women"	6
"1984"	"sailing"	"men"	3
"1984"	"sailing"	"open/mixed"	4
"1984"	"shooting"	"men"	6
"1984"	"shooting"	"women"	3
"1984"	"shooting"	"open/mixed"	2
"1984"	"swimming"	"men"	15
"1984"	"swimming"	"women"	14
"1984"	"synchronized s."	"women"	2
"1984"	"volleyball"	"men"	1
"1984"	"volleyball"	"women"	1
"1984"	"water polo"	"men"	1
"1984"	"weightlifting"	"men"	10
"1984"	"wrestling free."	"men"	10
"1984"	"wrestling gre-r"	"men"	10
"1988"	"archery"	"men"	2
"1988"	"archery"	"women"	2
"1988"	"artistic g."	"men"	8
"1988"	"artistic g."	"women"	6
"1988"	"athletics"	"men"	24
"1988"	"athletics"	"women"	18
"1988"	"basketball"	"men"	1
"1988"	"basketball"	"women"	1
"1988"	"boxing"	"men"	12
"1988"	"canoe / kayak f"	"men"	9
"1988"	"canoe / kayak f"	"women"	3
"1988"	"cycling road"	"men"	2
"1988"	"cycling road"	"women"	1
"1988"	"cycling track"	"men"	5
"1988"	"cycling track"	"women"	1
"1988"	"diving"	"men"	2
"1988"	"diving"	"women"	2
"1988"	"dressage"	"open/mixed"	2
"1988"	"eventing"	"open/mixed"	2
"1988"	"fencing"	"men"	6
"1988"	"fencing"	"women"	2
"1988"	"football"	"men"	1
"1988"	"handball"	"men"	1
"1988"	"handball"	"women"	1
"1988"	"hockey"	"men"	1
"1988"	"hockey"	"women"	1
"1988"	"judo"	"men"	7
"1988"	"jumping"	"open/mixed"	2
"1988"	"modern pentath."	"men"	2
"1988"	"rhythmic g."	"women"	1
"1988"	"rowing"	"men"	8
"1988"	"rowing"	"women"	6
"1988"	"sailing"	"men"	3
"1988"	"sailing"	"women"	1
"1988"	"sailing"	"open/mixed"	4
"1988"	"shooting"	"men"	7
"1988"	"shooting"	"women"	4
"1988"	"shooting"	"open/mixed"	2
"1988"	"swimming"	"men"	16
"1988"	"swimming"	"women"	15
"1988"	"synchronized s."	"women"	2
"1988"	"table tennis"	"men"	2
"1988"	"table tennis"	"women"	2
"1988"	"tennis"	"men"	2
"1988"	"tennis"	"women"	2
"1988"	"volleyball"	"men"	1
"1988"	"volleyball"	"women"	1
"1988"	"water polo"	"men"	1
"1988"	"weightlifting"	"men"	10
"1988"	"wrestling free."	"men"	10
"1988"	"wrestling gre-r"	"men"	10
"1992"	"archery"	"men"	2
"1992"	"archery"	"women"	2
"1992"	"artistic g."	"men"	8
"1992"	"artistic g."	"women"	6
"1992"	"athletics"	"men"	24
"1992"	"athletics"	"women"	19
"1992"	"badminton"	"men"	2
"1992"	"badminton"	"women"	2
"1992"	"baseball"	"men"	1
"1992"	"basketball"	"men"	1
"1992"	"basketball"	"women"	1
"1992"	"boxing"	"men"	12
"1992"	"canoe / kayak f"	"men"	9
"1992"	"canoe / kayak f"	"women"	3
"1992"	"canoe / kayak s"	"men"	3
"1992"	"canoe / kayak s"	"women"	1
"1992"	"cycling road"	"men"	2
"1992"	"cycling road"	"women"	1
"1992"	"cycling track"	"men"	5
"1992"	"cycling track"	"women"	2
"1992"	"diving"	"men"	2
"1992"	"diving"	"women"	2
"1992"	"dressage"	"open/mixed"	2
"1992"	"eventing"	"open/mixed"	2
"1992"	"fencing"	"men"	6
"1992"	"fencing"	"women"	2
"1992"	"football"	"men"	1
"1992"	"handball"	"men"	1
"1992"	"handball"	"women"	1
"1992"	"hockey"	"men"	1
"1992"	"hockey"	"women"	1
"1992"	"judo"	"men"	7
"1992"	"judo"	"women"	7
"1992"	"jumping"	"open/mixed"	2
"1992"	"modern pentath."	"men"	2
"1992"	"rhythmic g."	"women"	1
"1992"	"rowing"	"men"	8
"1992"	"rowing"	"women"	6
"1992"	"sailing"	"men"	3
"1992"	"sailing"	"women"	3
"1992"	"sailing"	"open/mixed"	4
"1992"	"shooting"	"men"	7
"1992"	"shooting"	"women"	4
"1992"	"shooting"	"open/mixed"	2
"1992"	"swimming"	"men"	16
"1992"	"swimming"	"women"	15
"1992"	"synchronized s."	"women"	2
"1992"	"table tennis"	"men"	2
"1992"	"table tennis"	"women"	2
"1992"	"tennis"	"men"	2
"1992"	"tennis"	"women"	2
"1992"	"volleyball"	"men"	1
"1992"	"volleyball"	"women"	1
"1992"	"water polo"	"men"	1
"1992"	"weightlifting"	"men"	10
"1992"	"wrestling free."	"men"	10
"1992"	"wrestling gre-r"	"men"	10
"1996"	"archery"	"men"	2
"1996"	"archery"	"women"	2
"1996"	"artistic g."	"men"	8
"1996"	"artistic g."	"women"	6
"1996"	"athletics"	"men"	24
"1996"	"athletics"	"women"	20
"1996"	"badminton"	"men"	2
"1996"	"badminton"	"women"	2
"1996"	"badminton"	"open/mixed"	1
"1996"	"baseball"	"men"	1
"1996"	"basketball"	"men"	1
"1996"	"basketball"	"women"	1
"1996"	"beach volley."	"men"	1
"1996"	"beach volley."	"women"	1
"1996"	"boxing"	"men"	12
"1996"	"canoe / kayak f"	"men"	9
"1996"	"canoe / kayak f"	"women"	3
"1996"	"canoe / kayak s"	"men"	3
"1996"	"canoe / kayak s"	"women"	1
"1996"	"cycling road"	"men"	2
"1996"	"cycling road"	"women"	2
"1996"	"cycling track"	"men"	5
"1996"	"cycling track"	"women"	3
"1996"	"diving"	"men"	2
"1996"	"diving"	"women"	2
"1996"	"dressage"	"open/mixed"	2
"1996"	"eventing"	"open/mixed"	2
"1996"	"fencing"	"men"	6
"1996"	"fencing"	"women"	4
"1996"	"football"	"men"	1
"1996"	"football"	"women"	1
"1996"	"handball"	"men"	1
"1996"	"handball"	"women"	1
"1996"	"hockey"	"men"	1
"1996"	"hockey"	"women"	1
"1996"	"judo"	"men"	7
"1996"	"judo"	"women"	7
"1996"	"jumping"	"open/mixed"	2
"1996"	"modern pentath."	"men"	1
"1996"	"mountain bike"	"men"	1
"1996"	"mountain bike"	"women"	1
"1996"	"rhythmic g."	"women"	2
"1996"	"rowing"	"men"	8
"1996"	"rowing"	"women"	6
"1996"	"sailing"	"men"	3
"1996"	"sailing"	"women"	3
"1996"	"sailing"	"open/mixed"	4
"1996"	"shooting"	"men"	10
"1996"	"shooting"	"women"	5
"1996"	"softball"	"women"	1
"1996"	"swimming"	"men"	16
"1996"	"swimming"	"women"	16
"1996"	"synchronized s."	"women"	1
"1996"	"table tennis"	"men"	2
"1996"	"table tennis"	"women"	2
"1996"	"tennis"	"men"	2
"1996"	"tennis"	"women"	2
"1996"	"volleyball"	"men"	1
"1996"	"volleyball"	"women"	1
"1996"	"water polo"	"men"	1
"1996"	"weightlifting"	"men"	10
"1996"	"wrestling free."	"men"	10
"1996"	"wrestling gre-r"	"men"	10
"2000"	"archery"	"men"	2
"2000"	"archery"	"women"	2
"2000"	"artistic g."	"men"	8
"2000"	"artistic g."	"women"	6
"2000"	"athletics"	"men"	24
"2000"	"athletics"	"women"	22
"2000"	"badminton"	"men"	2
"2000"	"badminton"	"women"	2
"2000"	"badminton"	"open/mixed"	1
"2000"	"baseball"	"men"	1
"2000"	"basketball"	"men"	1
"2000"	"basketball"	"women"	1
"2000"	"beach volley."	"men"	1
"2000"	"beach volley."	"women"	1
"2000"	"boxing"	"men"	12
"2000"	"canoe / kayak f"	"men"	9
"2000"	"canoe / kayak f"	"women"	3
"2000"	"canoe / kayak s"	"men"	3
"2000"	"canoe / kayak s"	"women"	1
"2000"	"cycling road"	"men"	2
"2000"	"cycling road"	"women"	2
"2000"	"cycling track"	"men"	8
"2000"	"cycling track"	"women"	4
"2000"	"diving"	"men"	4
"2000"	"diving"	"women"	4
"2000"	"dressage"	"open/mixed"	2
"2000"	"eventing"	"open/mixed"	2
"2000"	"fencing"	"men"	6
"2000"	"fencing"	"women"	4
"2000"	"football"	"men"	1
"2000"	"football"	"women"	1
"2000"	"handball"	"men"	1
"2000"	"handball"	"women"	1
"2000"	"hockey"	"men"	1
"2000"	"hockey"	"women"	1
"2000"	"judo"	"men"	7
"2000"	"judo"	"women"	7
"2000"	"jumping"	"open/mixed"	2
"2000"	"modern pentath."	"men"	1
"2000"	"modern pentath."	"women"	1
"2000"	"mountain bike"	"men"	1
"2000"	"mountain bike"	"women"	1
"2000"	"rhythmic g."	"women"	2
"2000"	"rowing"	"men"	8
"2000"	"rowing"	"women"	6
"2000"	"sailing"	"men"	3
"2000"	"sailing"	"women"	3
"2000"	"sailing"	"open/mixed"	5
"2000"	"shooting"	"men"	10
"2000"	"shooting"	"women"	7
"2000"	"softball"	"women"	1
"2000"	"swimming"	"men"	16
"2000"	"swimming"	"women"	16
"2000"	"synchronized s."	"women"	2
"2000"	"table tennis"	"men"	2
"2000"	"table tennis"	"women"	2
"2000"	"taekwondo"	"men"	4
"2000"	"taekwondo"	"women"	4
"2000"	"tennis"	"men"	2
"2000"	"tennis"	"women"	2
"2000"	"trampoline"	"men"	1
"2000"	"trampoline"	"women"	1
"2000"	"triathlon"	"men"	1
"2000"	"triathlon"	"women"	1
"2000"	"volleyball"	"men"	1
"2000"	"volleyball"	"women"	1
"2000"	"water polo"	"men"	1
"2000"	"water polo"	"women"	1
"2000"	"weightlifting"	"men"	8
"2000"	"weightlifting"	"women"	7
"2000"	"wrestling free."	"men"	8
"2000"	"wrestling gre-r"	"men"	8
"2004"	"archery"	"men"	2
"2004"	"archery"	"women"	2
"2004"	"artistic g."	"men"	8
"2004"	"artistic g."	"women"	6
"2004"	"athletics"	"men"	24
"2004"	"athletics"	"women"	22
"2004"	"badminton"	"men"	2
"2004"	"badminton"	"women"	2
"2004"	"badminton"	"open/mixed"	1
"2004"	"baseball"	"men"	1
"2004"	"basketball"	"men"	1
"2004"	"basketball"	"women"	1
"2004"	"beach volley."	"men"	1
"2004"	"beach volley."	"women"	1
"2004"	"boxing"	"men"	11
"2004"	"canoe / kayak f"	"men"	9
"2004"	"canoe / kayak f"	"women"	3
"2004"	"canoe / kayak s"	"men"	3
"2004"	"canoe / kayak s"	"women"	1
"2004"	"cycling road"	"men"	2
"2004"	"cycling road"	"women"	2
"2004"	"cycling track"	"men"	8
"2004"	"cycling track"	"women"	4
"2004"	"diving"	"men"	4
"2004"	"diving"	"women"	4
"2004"	"dressage"	"open/mixed"	2
"2004"	"eventing"	"open/mixed"	2
"2004"	"fencing"	"men"	6
"2004"	"fencing"	"women"	4
"2004"	"football"	"men"	1
"2004"	"football"	"women"	1
"2004"	"handball"	"men"	1
"2004"	"handball"	"women"	1
"2004"	"hockey"	"men"	1
"2004"	"hockey"	"women"	1
"2004"	"judo"	"men"	7
"2004"	"judo"	"women"	7
"2004"	"jumping"	"open/mixed"	2
"2004"	"modern pentath."	"men"	1
"2004"	"modern pentath."	"women"	1
"2004"	"mountain bike"	"men"	1
"2004"	"mountain bike"	"women"	1
"2004"	"rhythmic g."	"women"	2
"2004"	"rowing"	"men"	8
"2004"	"rowing"	"women"	6
"2004"	"sailing"	"men"	4
"2004"	"sailing"	"women"	4
"2004"	"sailing"	"open/mixed"	3
"2004"	"shooting"	"men"	10
"2004"	"shooting"	"women"	7
"2004"	"softball"	"women"	1
"2004"	"swimming"	"men"	16
"2004"	"swimming"	"women"	16
"2004"	"synchronized s."	"women"	2
"2004"	"table tennis"	"men"	2
"2004"	"table tennis"	"women"	2
"2004"	"taekwondo"	"men"	4
"2004"	"taekwondo"	"women"	4
"2004"	"tennis"	"men"	2
"2004"	"tennis"	"women"	2
"2004"	"trampoline"	"men"	1
"2004"	"trampoline"	"women"	1
"2004"	"triathlon"	"men"	1
"2004"	"triathlon"	"women"	1
"2004"	"volleyball"	"men"	1
"2004"	"volleyball"	"women"	1
"2004"	"water polo"	"men"	1
"2004"	"water polo"	"women"	1
"2004"	"weightlifting"	"men"	8
"2004"	"weightlifting"	"women"	7
"2004"	"wrestling free."	"men"	7
"2004"	"wrestling free."	"women"	4
"2004"	"wrestling gre-r"	"men"	7
"2008"	"archery"	"men"	2
"2008"	"archery"	"women"	2
"2008"	"artistic g."	"men"	8
"2008"	"artistic g."	"women"	6
"2008"	"athletics"	"men"	24
"2008"	"athletics"	"women"	23
"2008"	"badminton"	"men"	2
"2008"	"badminton"	"women"	2
"2008"	"badminton"	"open/mixed"	1
"2008"	"baseball"	"men"	1
"2008"	"basketball"	"men"	1
"2008"	"basketball"	"women"	1
"2008"	"beach volley."	"men"	1
"2008"	"beach volley."	"women"	1
"2008"	"bmx"	"men"	1
"2008"	"bmx"	"women"	1
"2008"	"boxing"	"men"	11
"2008"	"canoe / kayak f"	"men"	9
"2008"	"canoe / kayak f"	"women"	3
"2008"	"canoe / kayak s"	"men"	3
"2008"	"canoe / kayak s"	"women"	1
"2008"	"cycling road"	"men"	2
"2008"	"cycling road"	"women"	2
"2008"	"cycling track"	"men"	7
"2008"	"cycling track"	"women"	3
"2008"	"diving"	"men"	4
"2008"	"diving"	"women"	4
"2008"	"dressage"	"open/mixed"	2
"2008"	"eventing"	"open/mixed"	2
"2008"	"fencing"	"men"	5
"2008"	"fencing"	"women"	5
"2008"	"football"	"men"	1
"2008"	"football"	"women"	1
"2008"	"handball"	"men"	1
"2008"	"handball"	"women"	1
"2008"	"hockey"	"men"	1
"2008"	"hockey"	"women"	1
"2008"	"judo"	"men"	7
"2008"	"judo"	"women"	7
"2008"	"jumping"	"open/mixed"	2
"2008"	"modern pentath."	"men"	1
"2008"	"modern pentath."	"women"	1
"2008"	"mountain bike"	"men"	1
"2008"	"mountain bike"	"women"	1
"2008"	"rhythmic g."	"women"	2
"2008"	"rowing"	"men"	8
"2008"	"rowing"	"women"	6
"2008"	"sailing"	"men"	4
"2008"	"sailing"	"women"	4
"2008"	"sailing"	"open/mixed"	3
"2008"	"shooting"	"men"	9
"2008"	"shooting"	"women"	6
"2008"	"softball"	"women"	1
"2008"	"swimming"	"men"	17
"2008"	"swimming"	"women"	17
"2008"	"synchronized s."	"women"	2
"2008"	"table tennis"	"men"	2
"2008"	"table tennis"	"women"	2
"2008"	"taekwondo"	"men"	4
"2008"	"taekwondo"	"women"	4
"2008"	"tennis"	"men"	2
"2008"	"tennis"	"women"	2
"2008"	"trampoline"	"men"	1
"2008"	"trampoline"	"women"	1
"2008"	"triathlon"	"men"	1
"2008"	"triathlon"	"women"	1
"2008"	"volleyball"	"men"	1
"2008"	"volleyball"	"women"	1
"2008"	"water polo"	"men"	1
"2008"	"water polo"	"women"	1
"2008"	"weightlifting"	"men"	8
"2008"	"weightlifting"	"women"	7
"2008"	"wrestling free."	"men"	7
"2008"	"wrestling free."	"women"	4
"2008"	"wrestling gre-r"	"men"	7
"2012"	"archery"	"men"	2
"2012"	"archery"	"women"	2
"2012"	"artistic g."	"men"	8
"2012"	"artistic g."	"women"	6
"2012"	"athletics"	"men"	24
"2012"	"athletics"	"women"	23
"2012"	"badminton"	"men"	2
"2012"	"badminton"	"women"	2
"2012"	"badminton"	"open/mixed"	1
"2012"	"basketball"	"men"	1
"2012"	"basketball"	"women"	1
"2012"	"beach volley."	"men"	1
"2012"	"beach volley."	"women"	1
"2012"	"bmx"	"men"	1
"2012"	"bmx"	"women"	1
"2012"	"boxing"	"men"	10
"2012"	"boxing"	"women"	3
"2012"	"canoe / kayak f"	"men"	8
"2012"	"canoe / kayak f"	"women"	4
"2012"	"canoe / kayak s"	"men"	3
"2012"	"canoe / kayak s"	"women"	1
"2012"	"cycling road"	"men"	2
"2012"	"cycling road"	"women"	2
"2012"	"cycling track"	"men"	5
"2012"	"cycling track"	"women"	5
"2012"	"diving"	"men"	4
"2012"	"diving"	"women"	4
"2012"	"dressage"	"open/mixed"	2
"2012"	"eventing"	"open/mixed"	2
"2012"	"fencing"	"men"	5
"2012"	"fencing"	"women"	5
"2012"	"football"	"men"	1
"2012"	"football"	"women"	1
"2012"	"handball"	"men"	1
"2012"	"handball"	"women"	1
"2012"	"hockey"	"men"	1
"2012"	"hockey"	"women"	1
"2012"	"judo"	"men"	7
"2012"	"judo"	"women"	7
"2012"	"jumping"	"open/mixed"	2
"2012"	"modern pentath."	"men"	1
"2012"	"modern pentath."	"women"	1
"2012"	"mountain bike"	"men"	1
"2012"	"mountain bike"	"women"	1
"2012"	"rhythmic g."	"women"	2
"2012"	"rowing"	"men"	8
"2012"	"rowing"	"women"	6
"2012"	"sailing"	"men"	6
"2012"	"sailing"	"women"	4
"2012"	"shooting"	"men"	9
"2012"	"shooting"	"women"	6
"2012"	"swimming"	"men"	17
"2012"	"swimming"	"women"	17
"2012"	"synchronised s."	"women"	2
"2012"	"table tennis"	"men"	2
"2012"	"table tennis"	"women"	2
"2012"	"taekwondo"	"men"	4
"2012"	"taekwondo"	"women"	4
"2012"	"tennis"	"men"	2
"2012"	"tennis"	"women"	2
"2012"	"tennis"	"open/mixed"	1
"2012"	"trampoline"	"men"	1
"2012"	"trampoline"	"women"	1
"2012"	"triathlon"	"men"	1
"2012"	"triathlon"	"women"	1
"2012"	"volleyball"	"men"	1
"2012"	"volleyball"	"women"	1
"2012"	"water polo"	"men"	1
"2012"	"water polo"	"women"	1
"2012"	"weightlifting"	"men"	8
"2012"	"weightlifting"	"women"	7
"2012"	"wrestling free."	"men"	7
"2012"	"wrestling free."	"women"	4
"2012"	"wrestling gre-r"	"men"	7
"2016"	"archery"	"men"	2
"2016"	"archery"	"women"	2
"2016"	"artistic g."	"men"	8
"2016"	"artistic g."	"women"	6
"2016"	"athletics"	"men"	24
"2016"	"athletics"	"women"	23
"2016"	"badminton"	"men"	2
"2016"	"badminton"	"women"	2
"2016"	"badminton"	"open/mixed"	1
"2016"	"basketball"	"men"	1
"2016"	"basketball"	"women"	1
"2016"	"beach volley."	"men"	1
"2016"	"beach volley."	"women"	1
"2016"	"bmx"	"men"	1
"2016"	"bmx"	"women"	1
"2016"	"boxing"	"men"	10
"2016"	"boxing"	"women"	3
"2016"	"canoe / kayak f"	"men"	8
"2016"	"canoe / kayak f"	"women"	4
"2016"	"canoe / kayak s"	"men"	3
"2016"	"canoe / kayak s"	"women"	1
"2016"	"cycling road"	"men"	2
"2016"	"cycling road"	"women"	2
"2016"	"cycling track"	"men"	5
"2016"	"cycling track"	"women"	5
"2016"	"diving"	"men"	4
"2016"	"diving"	"women"	4
"2016"	"dressage"	"open/mixed"	2
"2016"	"eventing"	"open/mixed"	2
"2016"	"fencing"	"men"	5
"2016"	"fencing"	"women"	5
"2016"	"football"	"men"	1
"2016"	"football"	"women"	1
"2016"	"golf"	"men"	1
"2016"	"golf"	"women"	1
"2016"	"handball"	"men"	1
"2016"	"handball"	"women"	1
"2016"	"hockey"	"men"	1
"2016"	"hockey"	"women"	1
"2016"	"judo"	"men"	7
"2016"	"judo"	"women"	7
"2016"	"jumping"	"open/mixed"	2
"2016"	"modern pentath."	"men"	1
"2016"	"modern pentath."	"women"	1
"2016"	"mountain bike"	"men"	1
"2016"	"mountain bike"	"women"	1
"2016"	"rhythmic g."	"women"	2
"2016"	"rowing"	"men"	8
"2016"	"rowing"	"women"	6
"2016"	"rugby sevens"	"men"	1
"2016"	"rugby sevens"	"women"	1
"2016"	"sailing"	"men"	5
"2016"	"sailing"	"women"	4
"2016"	"sailing"	"open/mixed"	1
"2016"	"shooting"	"men"	9
"2016"	"shooting"	"women"	6
"2016"	"swimming"	"men"	17
"2016"	"swimming"	"women"	17
"2016"	"synchronised s."	"women"	2
"2016"	"table tennis"	"men"	2
"2016"	"table tennis"	"women"	2
"2016"	"taekwondo"	"men"	4
"2016"	"taekwondo"	"women"	4
"2016"	"tennis"	"men"	2
"2016"	"tennis"	"women"	2
"2016"	"tennis"	"open/mixed"	1
"2016"	"trampoline"	"men"	1
"2016"	"trampoline"	"women"	1
"2016"	"triathlon"	"men"	1
"2016"	"triathlon"	"women"	1
"2016"	"volleyball"	"men"	1
"2016"	"volleyball"	"women"	1
"2016"	"water polo"	"men"	1
"2016"	"water polo"	"women"	1
"2016"	"weightlifting"	"men"	8
"2016"	"weightlifting"	"women"	7
"2016"	"wrestling free."	"men"	6
"2016"	"wrestling free."	"women"	6
"2016"	"wrestling gre-r"	"men"	6
"1896"	"total"	"men"	43
"1900"	"total"	"men"	72
"1900"	"total"	"women"	2
"1900"	"total"	"open/mixed"	8
"1904"	"total"	"men"	89
"1904"	"total"	"women"	3
"1908"	"total"	"men"	96
"1908"	"total"	"women"	4
"1908"	"total"	"open/mixed"	5
"1912"	"total"	"men"	85
"1912"	"total"	"women"	5
"1912"	"total"	"open/mixed"	8
"1920"	"total"	"men"	122
"1920"	"total"	"women"	8
"1920"	"total"	"open/mixed"	18
"1924"	"total"	"men"	105
"1924"	"total"	"women"	10
"1924"	"total"	"open/mixed"	6
"1928"	"total"	"men"	84
"1928"	"total"	"women"	14
"1928"	"total"	"open/mixed"	5
"1932"	"total"	"men"	85
"1932"	"total"	"women"	14
"1932"	"total"	"open/mixed"	6
"1936"	"total"	"men"	96
"1936"	"total"	"women"	15
"1936"	"total"	"open/mixed"	6
"1948"	"total"	"men"	99
"1948"	"total"	"women"	19
"1948"	"total"	"open/mixed"	7
"1952"	"total"	"men"	106
"1952"	"total"	"women"	25
"1952"	"total"	"open/mixed"	6
"1956"	"total"	"men"	107
"1956"	"total"	"women"	26
"1956"	"total"	"open/mixed"	6
"1960"	"total"	"men"	104
"1960"	"total"	"women"	29
"1960"	"total"	"open/mixed"	6
"1964"	"total"	"men"	109
"1964"	"total"	"women"	33
"1964"	"total"	"open/mixed"	6
"1968"	"total"	"men"	113
"1968"	"total"	"women"	39
"1968"	"total"	"open/mixed"	6
"1972"	"total"	"men"	119
"1972"	"total"	"women"	43
"1972"	"total"	"open/mixed"	15
"1976"	"total"	"men"	118
"1976"	"total"	"women"	49
"1976"	"total"	"open/mixed"	13
"1980"	"total"	"men"	122
"1980"	"total"	"women"	50
"1980"	"total"	"open/mixed"	13
"1984"	"total"	"men"	133
"1984"	"total"	"women"	61
"1984"	"total"	"open/mixed"	8
"1988"	"total"	"men"	138
"1988"	"total"	"women"	69
"1988"	"total"	"open/mixed"	8
"1992"	"total"	"men"	142
"1992"	"total"	"women"	81
"1992"	"total"	"open/mixed"	8
"1996"	"total"	"men"	147
"1996"	"total"	"women"	92
"1996"	"total"	"open/mixed"	7
"2000"	"total"	"men"	153
"2000"	"total"	"women"	113
"2000"	"total"	"open/mixed"	8
"2004"	"total"	"men"	152
"2004"	"total"	"women"	118
"2004"	"total"	"open/mixed"	6
"2008"	"total"	"men"	151
"2008"	"total"	"women"	119
"2008"	"total"	"open/mixed"	6
"2012"	"total"	"men"	155
"2012"	"total"	"women"	124
"2012"	"total"	"open/mixed"	7
"2016"	"total"	"men"	154
"2016"	"total"	"women"	128
"2016"	"total"	"open/mixed"	8
