City,Edition,Sport,Discipline,Athelete,NOC,Gender,Event,Event_gender,Medal,,City,Edition,Sport,Discipline,Athelete,NOC,Gender,Event,Event_gender,,
Rio de Janeiro,2016,Aquatics,Swimming,,,,100m Backstroke,F,Gold,,London,2012,Aquatics,Swimming,,,,50m Freestyle,F,,
Rio de Janeiro,2016,Aquatics,Swimming,,,,200m Backstroke,F,Gold,,London,2012,Aquatics,Swimming,,,,100m Freestyle,F,,
Rio de Janeiro,2016,Aquatics,Swimming,,,,100m Backstroke,M,Gold,,London,2012,Aquatics,Swimming,,,,200m Freestyle,F,,
Rio de Janeiro,2016,Aquatics,Swimming,,,,200m Backstroke,M,Gold,,London,2012,Aquatics,Swimming,,,,400m Freestyle,F,,
Rio de Janeiro,2016,Aquatics,Swimming,,,,100m Breaststroke,F,Gold,,London,2012,Aquatics,Swimming,,,,800m Freestyle,F,,
Rio de Janeiro,2016,Aquatics,Swimming,,,,200m Breaststroke,F,Gold,,London,2012,Aquatics,Swimming,,,,1500m Freestyle,F,,
Rio de Janeiro,2016,Aquatics,Swimming,,,,100m Breaststroke,M,Gold,,London,2012,Aquatics,Swimming,,,,50m Freestyle,M,,
Rio de Janeiro,2016,Aquatics,Swimming,,,,200m Breaststroke,M,Gold,,London,2012,Aquatics,Swimming,,,,100m Freestyle,M,,
Rio de Janeiro,2016,Aquatics,Swimming,,,,100m Butterfly,F,Gold,,London,2012,Aquatics,Swimming,,,,200m Freestyle,M,,
Rio de Janeiro,2016,Aquatics,Swimming,,,,200m Butterfly,F,Gold,,London,2012,Aquatics,Swimming,,,,400m Freestyle,M,,
Rio de Janeiro,2016,Aquatics,Swimming,,,,100m Butterfly,M,Gold,,London,2012,Aquatics,Swimming,,,,800m Freestyle,M,,
Rio de Janeiro,2016,Aquatics,Swimming,,,,200m Butterfly,M,Gold,,London,2012,Aquatics,Swimming,,,,1500m Freestyle,M,,
Rio de Janeiro,2016,Aquatics,Diving,,,,10m Platform,F,Gold,,London,2012,Aquatics,Swimming,,,,100m Backstroke,M,,
Rio de Janeiro,2016,Aquatics,Diving,,,,3m Springboard,F,Gold,,London,2012,Aquatics,Swimming,,,,200m Backstroke,M,,
Rio de Janeiro,2016,Aquatics,Diving,,,,Synchronised 10m Platform,F,Gold,,London,2012,Aquatics,Swimming,,,,100m Backstroke,F,,
Rio de Janeiro,2016,Aquatics,Diving,,,,Synchronised 3m Springboard,F,Gold,,London,2012,Aquatics,Swimming,,,,200m Backstroke,F,,
Rio de Janeiro,2016,Aquatics,Diving,,,,10m Platform,M,Gold,,London,2012,Aquatics,Swimming,,,,100m Breaststroke,M,,
Rio de Janeiro,2016,Aquatics,Diving,,,,3m Springboard,M,Gold,,London,2012,Aquatics,Swimming,,,,200m Breaststroke,M,,
Rio de Janeiro,2016,Aquatics,Diving,,,,Synchronised 10m Platform,M,Gold,,London,2012,Aquatics,Swimming,,,,100m Breaststroke,F,,
Rio de Janeiro,2016,Aquatics,Diving,,,,Synchronised 3m Springboard,M,Gold,,London,2012,Aquatics,Swimming,,,,200m Breaststroke,F,,
Rio de Janeiro,2016,Aquatics,Swimming,,,,100m Freestyle,F,Gold,,London,2012,Aquatics,Swimming,,,,100m Butterfly,M,,
Rio de Janeiro,2016,Aquatics,Swimming,,,,200m Freestyle,F,Gold,,London,2012,Aquatics,Swimming,,,,200m Butterfly,M,,
Rio de Janeiro,2016,Aquatics,Swimming,,,,4 x 100m Freestyle Relay,F,Gold,,London,2012,Aquatics,Swimming,,,,100m Butterfly,F,,
Rio de Janeiro,2016,Aquatics,Swimming,,,,4 x 200m Freestyle Relay,F,Gold,,London,2012,Aquatics,Swimming,,,,200m Butterfly,F,,
Rio de Janeiro,2016,Aquatics,Swimming,,,,400m Freestyle,F,Gold,,London,2012,Aquatics,Swimming,,,,200m Individual medley,M,,
Rio de Janeiro,2016,Aquatics,Swimming,,,,50m Freestyle,F,Gold,,London,2012,Aquatics,Swimming,,,,400m Individual medley,M,,
Rio de Janeiro,2016,Aquatics,Swimming,,,,800m Freestyle,F,Gold,,London,2012,Aquatics,Swimming,,,,200m Individual medley,F,,
Rio de Janeiro,2016,Aquatics,Swimming,,,,100m Freestyle,M,Gold,,London,2012,Aquatics,Swimming,,,,400m Individual medley,F,,
Rio de Janeiro,2016,Aquatics,Swimming,,,,1500m Freestyle,M,Gold,,London,2012,Aquatics,Swimming,,,,4x100m Freestyle Relay,M,,
Rio de Janeiro,2016,Aquatics,Swimming,,,,200m Freestyle,M,Gold,,London,2012,Aquatics,Swimming,,,,4x200m Freestyle Relay,M,,
Rio de Janeiro,2016,Aquatics,Swimming,,,,4 x 100m Freestyle Relay,M,Gold,,London,2012,Aquatics,Swimming,,,,4x100m Freestyle Relay,F,,
Rio de Janeiro,2016,Aquatics,Swimming,,,,4 x 200m Freestyle Relay,M,Gold,,London,2012,Aquatics,Swimming,,,,4x200m Freestyle Relay,F,,
Rio de Janeiro,2016,Aquatics,Swimming,,,,400m Freestyle,M,Gold,,London,2012,Aquatics,Swimming,,,,4x100m Medley Relay,M,,
Rio de Janeiro,2016,Aquatics,Swimming,,,,50m Freestyle,M,Gold,,London,2012,Aquatics,Swimming,,,,4x100m Medley Relay,M,,
Rio de Janeiro,2016,Aquatics,Swimming,,,,marathon 10km,F,Gold,,London,2012,Aquatics,Swimming,,,,marathon 10km ,F,,
Rio de Janeiro,2016,Aquatics,Swimming,,,,marathon 10km,M,Gold,,London,2012,Aquatics,Swimming,,,,marathon 10km ,F,,
Rio de Janeiro,2016,Aquatics,Swimming,,,,200m Individual Medley,F,Gold,,London,2012,Aquatics,Diving,,,,10m Platform,F,,
Rio de Janeiro,2016,Aquatics,Swimming,,,,4 x 100m Medley Relay,F,Gold,,London,2012,Aquatics,Diving,,,,3m Springboard,F,,
Rio de Janeiro,2016,Aquatics,Swimming,,,,400m Individual Medley,F,Gold,,London,2012,Aquatics,Diving,,,,Synchronised 10m Platform,F,,
Rio de Janeiro,2016,Aquatics,Swimming,,,,200m Individual Medley,M,Gold,,London,2012,Aquatics,Diving,,,,Synchronised 3m Springboard,F,,
Rio de Janeiro,2016,Aquatics,Swimming,,,,4 x 100m Medley Relay,M,Gold,,London,2012,Aquatics,Diving,,,,10m Platform,M,,
Rio de Janeiro,2016,Aquatics,Swimming,,,,400m Individual Medley,M,Gold,,London,2012,Aquatics,Diving,,,,3m Springboard,M,,
Rio de Janeiro,2016,Aquatics,Synchronised S.,,,,Duets,F,Gold,,London,2012,Aquatics,Diving,,,,Synchronised 10m Platform,M,,
Rio de Janeiro,2016,Aquatics,Synchronised S.,,,,Teams,F,Gold,,London,2012,Aquatics,Diving,,,,Synchronised 3m Springboard,M,,
Rio de Janeiro,2016,Aquatics,Water polo,,,,Women,F,Gold,,London,2012,Aquatics,Synchronised S.,,,,Duets,F,,
Rio de Janeiro,2016,Aquatics,Water polo,,,,Men,M,Gold,,London,2012,Aquatics,Synchronised S.,,,,Teams,F,,
Rio de Janeiro,2016,Archery,Archery,,,,Individual,F,Gold,,London,2012,Aquatics,Water polo,,,,Women,F,,
Rio de Janeiro,2016,Archery,Archery,,,,Team,F,Gold,,London,2012,Aquatics,Water polo,,,,Men,M,,
Rio de Janeiro,2016,Archery,Archery,,,,Individual,M,Gold,,London,2012,Archery,Archery,,,,Individual,F,,
Rio de Janeiro,2016,Archery,Archery,,,,Team,M,Gold,,London,2012,Archery,Archery,,,,Team,F,,
Rio de Janeiro,2016,Athletics,Athletics,,,,Heptathlon,F,Gold,,London,2012,Archery,Archery,,,,Individual,M,,
Rio de Janeiro,2016,Athletics,Athletics,,,,Decathlon,M,Gold,,London,2012,Archery,Archery,,,,Team,M,,
Rio de Janeiro,2016,Athletics,Athletics,,,,High Jump,F,Gold,,London,2012,Athletics,Athletics,,,,Heptathlon,F,,
Rio de Janeiro,2016,Athletics,Athletics,,,,Long Jump,F,Gold,,London,2012,Athletics,Athletics,,,,Decathlon,M,,
Rio de Janeiro,2016,Athletics,Athletics,,,,Pole Vault,F,Gold,,London,2012,Athletics,Athletics,,,,High Jump,F,,
Rio de Janeiro,2016,Athletics,Athletics,,,,Triple Jump,F,Gold,,London,2012,Athletics,Athletics,,,,Long Jump,F,,
Rio de Janeiro,2016,Athletics,Athletics,,,,High Jump,M,Gold,,London,2012,Athletics,Athletics,,,,Pole Vault,F,,
Rio de Janeiro,2016,Athletics,Athletics,,,,Long Jump,M,Gold,,London,2012,Athletics,Athletics,,,,Triple Jump,F,,
Rio de Janeiro,2016,Athletics,Athletics,,,,Pole Vault,M,Gold,,London,2012,Athletics,Athletics,,,,High Jump,M,,
Rio de Janeiro,2016,Athletics,Athletics,,,,Triple Jump,M,Gold,,London,2012,Athletics,Athletics,,,,Long Jump,M,,
Rio de Janeiro,2016,Athletics,Athletics,,,,20km Walk,F,Gold,,London,2012,Athletics,Athletics,,,,Pole Vault,M,,
Rio de Janeiro,2016,Athletics,Athletics,,,,Marathon,F,Gold,,London,2012,Athletics,Athletics,,,,Triple Jump,M,,
Rio de Janeiro,2016,Athletics,Athletics,,,,20km Walk,M,Gold,,London,2012,Athletics,Athletics,,,,20km Walk,F,,
Rio de Janeiro,2016,Athletics,Athletics,,,,50km Walk,M,Gold,,London,2012,Athletics,Athletics,,,,Marathon,F,,
Rio de Janeiro,2016,Athletics,Athletics,,,,Marathon,M,Gold,,London,2012,Athletics,Athletics,,,,20km Walk,M,,
Rio de Janeiro,2016,Athletics,Athletics,,,,Discus Throw,F,Gold,,London,2012,Athletics,Athletics,,,,50km Walk,M,,
Rio de Janeiro,2016,Athletics,Athletics,,,,Hammer Throw,F,Gold,,London,2012,Athletics,Athletics,,,,Marathon,M,,
Rio de Janeiro,2016,Athletics,Athletics,,,,Javelin Throw,F,Gold,,London,2012,Athletics,Athletics,,,,Discus Throw,F,,
Rio de Janeiro,2016,Athletics,Athletics,,,,Shot Put,F,Gold,,London,2012,Athletics,Athletics,,,,Hammer Throw,F,,
Rio de Janeiro,2016,Athletics,Athletics,,,,Discus Throw,M,Gold,,London,2012,Athletics,Athletics,,,,Javelin Throw,F,,
Rio de Janeiro,2016,Athletics,Athletics,,,,Hammer Throw,M,Gold,,London,2012,Athletics,Athletics,,,,Shot Put,F,,
Rio de Janeiro,2016,Athletics,Athletics,,,,Javelin Throw,M,Gold,,London,2012,Athletics,Athletics,,,,Discus Throw,M,,
Rio de Janeiro,2016,Athletics,Athletics,,,,Shot Put,M,Gold,,London,2012,Athletics,Athletics,,,,Hammer Throw,M,,
Rio de Janeiro,2016,Athletics,Athletics,,,,"10,000m",F,Gold,,London,2012,Athletics,Athletics,,,,Javelin Throw,M,,
Rio de Janeiro,2016,Athletics,Athletics,,,,100m,F,Gold,,London,2012,Athletics,Athletics,,,,Shot Put,M,,
Rio de Janeiro,2016,Athletics,Athletics,,,,100m Hurdles,F,Gold,,London,2012,Athletics,Athletics,,,,"10,000m",F,,
Rio de Janeiro,2016,Athletics,Athletics,,,,1500m,F,Gold,,London,2012,Athletics,Athletics,,,,100m,F,,
Rio de Janeiro,2016,Athletics,Athletics,,,,200m,F,Gold,,London,2012,Athletics,Athletics,,,,100m Hurdles,F,,
Rio de Janeiro,2016,Athletics,Athletics,,,,3000m Steeplechase,F,Gold,,London,2012,Athletics,Athletics,,,,1500m,F,,
Rio de Janeiro,2016,Athletics,Athletics,,,,4 x 100m Relay,F,Gold,,London,2012,Athletics,Athletics,,,,200m,F,,
Rio de Janeiro,2016,Athletics,Athletics,,,,4 x 400m Relay,F,Gold,,London,2012,Athletics,Athletics,,,,3000m Steeplechase,F,,
Rio de Janeiro,2016,Athletics,Athletics,,,,400m,F,Gold,,London,2012,Athletics,Athletics,,,,4 x 100m Relay,F,,
Rio de Janeiro,2016,Athletics,Athletics,,,,400m Hurdles,F,Gold,,London,2012,Athletics,Athletics,,,,4 x 400m Relay,F,,
Rio de Janeiro,2016,Athletics,Athletics,,,,5000m,F,Gold,,London,2012,Athletics,Athletics,,,,400m,F,,
Rio de Janeiro,2016,Athletics,Athletics,,,,800m,F,Gold,,London,2012,Athletics,Athletics,,,,400m Hurdles,F,,
Rio de Janeiro,2016,Athletics,Athletics,,,,"10,000m",M,Gold,,London,2012,Athletics,Athletics,,,,5000m,F,,
Rio de Janeiro,2016,Athletics,Athletics,,,,100m,M,Gold,,London,2012,Athletics,Athletics,,,,800m,F,,
Rio de Janeiro,2016,Athletics,Athletics,,,,110m Hurdles,M,Gold,,London,2012,Athletics,Athletics,,,,"10,000m",M,,
Rio de Janeiro,2016,Athletics,Athletics,,,,1500m,M,Gold,,London,2012,Athletics,Athletics,,,,100m,M,,
Rio de Janeiro,2016,Athletics,Athletics,,,,200m,M,Gold,,London,2012,Athletics,Athletics,,,,110m Hurdles,M,,
Rio de Janeiro,2016,Athletics,Athletics,,,,3000m Steeplechase,M,Gold,,London,2012,Athletics,Athletics,,,,1500m,M,,
Rio de Janeiro,2016,Athletics,Athletics,,,,4 x 100m Relay,M,Gold,,London,2012,Athletics,Athletics,,,,200m,M,,
Rio de Janeiro,2016,Athletics,Athletics,,,,4 x 400m Relay,M,Gold,,London,2012,Athletics,Athletics,,,,3000m Steeplechase,M,,
Rio de Janeiro,2016,Athletics,Athletics,,,,400m,M,Gold,,London,2012,Athletics,Athletics,,,,4 x 100m Relay,M,,
Rio de Janeiro,2016,Athletics,Athletics,,,,400m Hurdles,M,Gold,,London,2012,Athletics,Athletics,,,,4 x 400m Relay,M,,
Rio de Janeiro,2016,Athletics,Athletics,,,,5000m,M,Gold,,London,2012,Athletics,Athletics,,,,400m,M,,
Rio de Janeiro,2016,Athletics,Athletics,,,,800m,M,Gold,,London,2012,Athletics,Athletics,,,,400m Hurdles,M,,
Rio de Janeiro,2016,Badminton,Badminton,,,,Doubles,F,Gold,,London,2012,Athletics,Athletics,,,,5000m,M,,
Rio de Janeiro,2016,Badminton,Badminton,,,,Singles,F,Gold,,London,2012,Athletics,Athletics,,,,800m,M,,
Rio de Janeiro,2016,Badminton,Badminton,,,,Doubles,M,Gold,,London,2012,Badminton,Badminton,,,,Doubles,F,,
Rio de Janeiro,2016,Badminton,Badminton,,,,Singles,M,Gold,,London,2012,Badminton,Badminton,,,,Singles,F,,
Rio de Janeiro,2016,Badminton,Badminton,,,,Mixed Doubles,X,Gold,,London,2012,Badminton,Badminton,,,,Doubles,M,,
Rio de Janeiro,2016,Basketball,Basketball,,,,Women,F,Gold,,London,2012,Badminton,Badminton,,,,Singles,M,,
Rio de Janeiro,2016,Basketball,Basketball,,,,Men,M,Gold,,London,2012,Badminton,Badminton,,,,Mixed Doubles,X,,
Rio de Janeiro,2016,Boxing,Boxing,,,,Fly (48-51kg),F,Gold,,London,2012,Basketball,Basketball,,,,Women,F,,
Rio de Janeiro,2016,Boxing,Boxing,,,,Light (57-60kg),F,Gold,,London,2012,Basketball,Basketball,,,,Men,M,,
Rio de Janeiro,2016,Boxing,Boxing,,,,Middle (69-75kg),F,Gold,,London,2012,Boxing,Boxing,,,,Fly (48-51kg),F,,
Rio de Janeiro,2016,Boxing,Boxing,,,,Bantam (56kg),M,Gold,,London,2012,Boxing,Boxing,,,,Light (57-60kg),F,,
Rio de Janeiro,2016,Boxing,Boxing,,,,Fly (52kg),M,Gold,,London,2012,Boxing,Boxing,,,,Middle (69-75kg),F,,
Rio de Janeiro,2016,Boxing,Boxing,,,,Heavy (91kg),M,Gold,,London,2012,Boxing,Boxing,,,,Bantam (56kg),M,,
Rio de Janeiro,2016,Boxing,Boxing,,,,Light (60kg),M,Gold,,London,2012,Boxing,Boxing,,,,Fly (52kg),M,,
Rio de Janeiro,2016,Boxing,Boxing,,,,Light Fly (46-49kg),M,Gold,,London,2012,Boxing,Boxing,,,,Heavy (91kg),M,,
Rio de Janeiro,2016,Boxing,Boxing,,,,Light Heavy (81kg),M,Gold,,London,2012,Boxing,Boxing,,,,Light (60kg),M,,
Rio de Janeiro,2016,Boxing,Boxing,,,,Light Welter (64kg),M,Gold,,London,2012,Boxing,Boxing,,,,Light Fly (46-49kg),M,,
Rio de Janeiro,2016,Boxing,Boxing,,,,Middle (75kg),M,Gold,,London,2012,Boxing,Boxing,,,,Light Heavy (81kg),M,,
Rio de Janeiro,2016,Boxing,Boxing,,,,Super Heavy (+91kg),M,Gold,,London,2012,Boxing,Boxing,,,,Light Welter (64kg),M,,
Rio de Janeiro,2016,Boxing,Boxing,,,,Welter (69kg),M,Gold,,London,2012,Boxing,Boxing,,,,Middle (75kg),M,,
Rio de Janeiro,2016,Canoe / Kayak,Canoe / Kayak S,,,,Kayak (K1) Women,F,Gold,,London,2012,Boxing,Boxing,,,,Super Heavy (+91kg),M,,
Rio de Janeiro,2016,Canoe / Kayak,Canoe / Kayak S,,,,Canoe Double (C2) Men,M,Gold,,London,2012,Boxing,Boxing,,,,Welter (69kg),M,,
Rio de Janeiro,2016,Canoe / Kayak,Canoe / Kayak S,,,,Canoe Single (C1) Men,M,Gold,,London,2012,Canoe / Kayak,Canoe / Kayak S,,,,Kayak (K1) Women,F,,
Rio de Janeiro,2016,Canoe / Kayak,Canoe / Kayak S,,,,Kayak (K1) Men,M,Gold,,London,2012,Canoe / Kayak,Canoe / Kayak S,,,,Canoe Double (C2) Men,M,,
Rio de Janeiro,2016,Canoe / Kayak,Canoe / Kayak F,,,,Kayak Double 500m,F,Gold,,London,2012,Canoe / Kayak,Canoe / Kayak S,,,,Canoe Single (C1) Men,M,,
Rio de Janeiro,2016,Canoe / Kayak,Canoe / Kayak F,,,,Kayak Four 500m,F,Gold,,London,2012,Canoe / Kayak,Canoe / Kayak S,,,,Kayak (K1) Men,M,,
Rio de Janeiro,2016,Canoe / Kayak,Canoe / Kayak F,,,,Kayak Single 200m,F,Gold,,London,2012,Canoe / Kayak,Canoe / Kayak F,,,,Kayak Double 500m,F,,
Rio de Janeiro,2016,Canoe / Kayak,Canoe / Kayak F,,,,Kayak Single 500m,F,Gold,,London,2012,Canoe / Kayak,Canoe / Kayak F,,,,Kayak Four 500m,F,,
Rio de Janeiro,2016,Canoe / Kayak,Canoe / Kayak F,,,,Canoe Double 1000m,M,Gold,,London,2012,Canoe / Kayak,Canoe / Kayak F,,,,Kayak Single 200m,F,,
Rio de Janeiro,2016,Canoe / Kayak,Canoe / Kayak F,,,,Canoe Single 1000m,M,Gold,,London,2012,Canoe / Kayak,Canoe / Kayak F,,,,Kayak Single 500m,F,,
Rio de Janeiro,2016,Canoe / Kayak,Canoe / Kayak F,,,,Canoe Single 200m,M,Gold,,London,2012,Canoe / Kayak,Canoe / Kayak F,,,,Canoe Double 1000m,M,,
Rio de Janeiro,2016,Canoe / Kayak,Canoe / Kayak F,,,,Kayak Double 1000m,M,Gold,,London,2012,Canoe / Kayak,Canoe / Kayak F,,,,Canoe Single 1000m,M,,
Rio de Janeiro,2016,Canoe / Kayak,Canoe / Kayak F,,,,Kayak Double 200m,M,Gold,,London,2012,Canoe / Kayak,Canoe / Kayak F,,,,Canoe Single 200m,M,,
Rio de Janeiro,2016,Canoe / Kayak,Canoe / Kayak F,,,,Kayak Four 1000m,M,Gold,,London,2012,Canoe / Kayak,Canoe / Kayak F,,,,Kayak Double 1000m,M,,
Rio de Janeiro,2016,Canoe / Kayak,Canoe / Kayak F,,,,Kayak Single 1000m,M,Gold,,London,2012,Canoe / Kayak,Canoe / Kayak F,,,,Kayak Double 200m,M,,
Rio de Janeiro,2016,Canoe / Kayak,Canoe / Kayak F,,,,Kayak Single 200m,M,Gold,,London,2012,Canoe / Kayak,Canoe / Kayak F,,,,Kayak Four 1000m,M,,
Rio de Janeiro,2016,Cycling,BMX,,,,Women,F,Gold,,London,2012,Canoe / Kayak,Canoe / Kayak F,,,,Kayak Single 1000m,M,,
Rio de Janeiro,2016,Cycling,BMX,,,,Men,M,Gold,,London,2012,Canoe / Kayak,Canoe / Kayak F,,,,Kayak Single 200m,M,,
Rio de Janeiro,2016,Cycling,Mountain Bike,,,,Cross-country,F,Gold,,London,2012,Cycling,BMX,,,,Women,F,,
Rio de Janeiro,2016,Cycling,Mountain Bike,,,,Cross-country,M,Gold,,London,2012,Cycling,BMX,,,,Men,M,,
Rio de Janeiro,2016,Cycling,Cycling Road,,,,Individual Time Trial,F,Gold,,London,2012,Cycling,Mountain Bike,,,,Cross-country,F,,
Rio de Janeiro,2016,Cycling,Cycling Road,,,,Road Race,F,Gold,,London,2012,Cycling,Mountain Bike,,,,Cross-country,M,,
Rio de Janeiro,2016,Cycling,Cycling Road,,,,Individual Time Trial,M,Gold,,London,2012,Cycling,Cycling Road,,,,Individual Time Trial,F,,
Rio de Janeiro,2016,Cycling,Cycling Road,,,,Road Race,M,Gold,,London,2012,Cycling,Cycling Road,,,,Road Race,F,,
Rio de Janeiro,2016,Cycling,Cycling Track,,,,Keirin,F,Gold,,London,2012,Cycling,Cycling Road,,,,Individual Time Trial,M,,
Rio de Janeiro,2016,Cycling,Cycling Track,,,,Omnium,F,Gold,,London,2012,Cycling,Cycling Road,,,,Road Race,M,,
Rio de Janeiro,2016,Cycling,Cycling Track,,,,Sprint,F,Gold,,London,2012,Cycling,Cycling Track,,,,Keirin,F,,
Rio de Janeiro,2016,Cycling,Cycling Track,,,,Team Pursuit,F,Gold,,London,2012,Cycling,Cycling Track,,,,Omnium,F,,
Rio de Janeiro,2016,Cycling,Cycling Track,,,,Team Sprint,F,Gold,,London,2012,Cycling,Cycling Track,,,,Sprint,F,,
Rio de Janeiro,2016,Cycling,Cycling Track,,,,Keirin,M,Gold,,London,2012,Cycling,Cycling Track,,,,Team Pursuit,F,,
Rio de Janeiro,2016,Cycling,Cycling Track,,,,Omnium,M,Gold,,London,2012,Cycling,Cycling Track,,,,Team Sprint,F,,
Rio de Janeiro,2016,Cycling,Cycling Track,,,,Sprint,M,Gold,,London,2012,Cycling,Cycling Track,,,,Keirin,M,,
Rio de Janeiro,2016,Cycling,Cycling Track,,,,Team Pursuit,M,Gold,,London,2012,Cycling,Cycling Track,,,,Omnium,M,,
Rio de Janeiro,2016,Cycling,Cycling Track,,,,Team Sprint,M,Gold,,London,2012,Cycling,Cycling Track,,,,Sprint,M,,
Rio de Janeiro,2016,Equestrian,Dressage,,,,Dressage Individual,X,Gold,,London,2012,Cycling,Cycling Track,,,,Team Pursuit,M,,
Rio de Janeiro,2016,Equestrian,Dressage,,,,Dressage Team,X,Gold,,London,2012,Cycling,Cycling Track,,,,Team Sprint,M,,
Rio de Janeiro,2016,Equestrian,Eventing,,,,Eventing Individual,X,Gold,,London,2012,Equestrian,Dressage,,,,Dressage Individual,X,,
Rio de Janeiro,2016,Equestrian,Eventing,,,,Eventing Team,X,Gold,,London,2012,Equestrian,Dressage,,,,Dressage Team,X,,
Rio de Janeiro,2016,Equestrian,Jumping,,,,Jumping Individual,X,Gold,,London,2012,Equestrian,Eventing,,,,Eventing Individual,X,,
Rio de Janeiro,2016,Equestrian,Jumping,,,,Jumping Team,X,Gold,,London,2012,Equestrian,Eventing,,,,Eventing Team,X,,
Rio de Janeiro,2016,Fencing,Fencing,,,,Foil Individual,F,Gold,,London,2012,Equestrian,Jumping,,,,Jumping Individual,X,,
Rio de Janeiro,2016,Fencing,Fencing,,,,Sabre Individual,F,Gold,,London,2012,Equestrian,Jumping,,,,Jumping Team,X,,
Rio de Janeiro,2016,Fencing,Fencing,,,,íŠpí©e Individual,F,Gold,,London,2012,Fencing,Fencing,,,,Foil Individual,F,,
Rio de Janeiro,2016,Fencing,Fencing,,,,Foil Individual,M,Gold,,London,2012,Fencing,Fencing,,,,Sabre Individual,F,,
Rio de Janeiro,2016,Fencing,Fencing,,,,Sabre Individual,M,Gold,,London,2012,Fencing,Fencing,,,,íŠpí©e Individual,F,,
Rio de Janeiro,2016,Fencing,Fencing,,,,íŠpí©e Individual,M,Gold,,London,2012,Fencing,Fencing,,,,Foil Individual,M,,
Rio de Janeiro,2016,Fencing,Fencing,,,,Sabre Team,F,Gold,,London,2012,Fencing,Fencing,,,,Sabre Individual,M,,
Rio de Janeiro,2016,Fencing,Fencing,,,,íŠpí©e Team,F,Gold,,London,2012,Fencing,Fencing,,,,íŠpí©e Individual,M,,
Rio de Janeiro,2016,Fencing,Fencing,,,,Foil Team,M,Gold,,London,2012,Fencing,Fencing,,,,Foil Team,F,,
Rio de Janeiro,2016,Fencing,Fencing,,,,íŠpí©e Team,M,Gold,,London,2012,Fencing,Fencing,,,,íŠpí©e Team,F,,
Rio de Janeiro,2016,Football,Football,,,,Women,F,Gold,,London,2012,Fencing,Fencing,,,,Foil Team,M,,
Rio de Janeiro,2016,Football,Football,,,,Men,M,Gold,,London,2012,Fencing,Fencing,,,,Sabre Team,M,,
Rio de Janeiro,2016,Golf,Golf,,,,Individual Stroke Play,F,Gold,,London,2012,Football,Football,,,,Women,F,Gold,
Rio de Janeiro,2016,Golf,Golf,,,,Individual Stroke Play,M,Gold,,London,2012,Football,Football,,,,Men,M,Gold,
Rio de Janeiro,2016,Gymnastics,Artistic G.,,,,Balance Beam,F,Gold,,London,2012,Gymnastics,Artistic G.,,,,Balance Beam,F,Gold,
Rio de Janeiro,2016,Gymnastics,Artistic G.,,,,Floor Exercise,F,Gold,,London,2012,Gymnastics,Artistic G.,,,,Floor Exercise,F,Gold,
Rio de Janeiro,2016,Gymnastics,Artistic G.,,,,Individual All-Around,F,Gold,,London,2012,Gymnastics,Artistic G.,,,,Individual All-Around,F,Gold,
Rio de Janeiro,2016,Gymnastics,Artistic G.,,,,Team,F,Gold,,London,2012,Gymnastics,Artistic G.,,,,Team,F,Gold,
Rio de Janeiro,2016,Gymnastics,Artistic G.,,,,Uneven Bars,F,Gold,,London,2012,Gymnastics,Artistic G.,,,,Uneven Bars,F,Gold,
Rio de Janeiro,2016,Gymnastics,Artistic G.,,,,Vault,F,Gold,,London,2012,Gymnastics,Artistic G.,,,,Vault,F,Gold,
Rio de Janeiro,2016,Gymnastics,Artistic G.,,,,Floor Exercise,M,Gold,,London,2012,Gymnastics,Artistic G.,,,,Floor Exercise,M,Gold,
Rio de Janeiro,2016,Gymnastics,Artistic G.,,,,Horizontal Bar,M,Gold,,London,2012,Gymnastics,Artistic G.,,,,Horizontal Bar,M,Gold,
Rio de Janeiro,2016,Gymnastics,Artistic G.,,,,Individual All-Around,M,Gold,,London,2012,Gymnastics,Artistic G.,,,,Individual All-Around,M,Gold,
Rio de Janeiro,2016,Gymnastics,Artistic G.,,,,Parallel Bars,M,Gold,,London,2012,Gymnastics,Artistic G.,,,,Parallel Bars,M,Gold,
Rio de Janeiro,2016,Gymnastics,Artistic G.,,,,Pommel Horse,M,Gold,,London,2012,Gymnastics,Artistic G.,,,,Pommel Horse,M,Gold,
Rio de Janeiro,2016,Gymnastics,Artistic G.,,,,Rings,M,Gold,,London,2012,Gymnastics,Artistic G.,,,,Rings,M,Gold,
Rio de Janeiro,2016,Gymnastics,Artistic G.,,,,Team,M,Gold,,London,2012,Gymnastics,Artistic G.,,,,Team,M,Gold,
Rio de Janeiro,2016,Gymnastics,Artistic G.,,,,Vault,M,Gold,,London,2012,Gymnastics,Artistic G.,,,,Vault,M,Gold,
Rio de Janeiro,2016,Gymnastics,Rhythmic G.,,,,Group All-Around,F,Gold,,London,2012,Gymnastics,Rhythmic G.,,,,Group All-Around,F,Gold,
Rio de Janeiro,2016,Gymnastics,Rhythmic G.,,,,Individual All-Around,F,Gold,,London,2012,Gymnastics,Rhythmic G.,,,,Individual All-Around,F,Gold,
Rio de Janeiro,2016,Gymnastics,Trampoline,,,,Women,F,Gold,,London,2012,Gymnastics,Trampoline,,,,Women,F,Gold,
Rio de Janeiro,2016,Gymnastics,Trampoline,,,,Men,M,Gold,,London,2012,Gymnastics,Trampoline,,,,Men,M,Gold,
Rio de Janeiro,2016,Handball,Handball,,,,Women,F,Gold,,London,2012,Handball,Handball,,,,Women,F,Gold,
Rio de Janeiro,2016,Handball,Handball,,,,Men,M,Gold,,London,2012,Handball,Handball,,,,Men,M,Gold,
Rio de Janeiro,2016,Hockey,Hockey,,,,Women,F,Gold,,London,2012,Hockey,Hockey,,,,Women,F,Gold,
Rio de Janeiro,2016,Hockey,Hockey,,,,Men,M,Gold,,London,2012,Hockey,Hockey,,,,Men,M,Gold,
Rio de Janeiro,2016,Judo,Judo,,,,Women +78 kg,F,Gold,,London,2012,Judo,Judo,,,,Women +78 kg,F,Gold,
Rio de Janeiro,2016,Judo,Judo,,,,Women -48 kg,F,Gold,,London,2012,Judo,Judo,,,,Women -48 kg,F,Gold,
Rio de Janeiro,2016,Judo,Judo,,,,Women -52 kg,F,Gold,,London,2012,Judo,Judo,,,,Women -52 kg,F,Gold,
Rio de Janeiro,2016,Judo,Judo,,,,Women -57 kg,F,Gold,,London,2012,Judo,Judo,,,,Women -57 kg,F,Gold,
Rio de Janeiro,2016,Judo,Judo,,,,Women -63 kg,F,Gold,,London,2012,Judo,Judo,,,,Women -63 kg,F,Gold,
Rio de Janeiro,2016,Judo,Judo,,,,Women -70 kg,F,Gold,,London,2012,Judo,Judo,,,,Women -70 kg,F,Gold,
Rio de Janeiro,2016,Judo,Judo,,,,Women -78 kg,F,Gold,,London,2012,Judo,Judo,,,,Women -78 kg,F,Gold,
Rio de Janeiro,2016,Judo,Judo,,,,Men +100 kg,M,Gold,,London,2012,Judo,Judo,,,,Men +100 kg,M,Gold,
Rio de Janeiro,2016,Judo,Judo,,,,Men -100 kg,M,Gold,,London,2012,Judo,Judo,,,,Men -100 kg,M,Gold,
Rio de Janeiro,2016,Judo,Judo,,,,Men -60 kg,M,Gold,,London,2012,Judo,Judo,,,,Men -60 kg,M,Gold,
Rio de Janeiro,2016,Judo,Judo,,,,Men -66 kg,M,Gold,,London,2012,Judo,Judo,,,,Men -66 kg,M,Gold,
Rio de Janeiro,2016,Judo,Judo,,,,Men -73 kg,M,Gold,,London,2012,Judo,Judo,,,,Men -73 kg,M,Gold,
Rio de Janeiro,2016,Judo,Judo,,,,Men -81 kg,M,Gold,,London,2012,Judo,Judo,,,,Men -81 kg,M,Gold,
Rio de Janeiro,2016,Judo,Judo,,,,Men -90 kg,M,Gold,,London,2012,Judo,Judo,,,,Men -90 kg,M,Gold,
Rio de Janeiro,2016,Modern Pentathlon,Modern Pentath.,,,,Individual,F,Gold,,London,2012,Modern Pentathlon,Modern Pentath.,,,,Individual,F,Gold,
Rio de Janeiro,2016,Modern Pentathlon,Modern Pentath.,,,,Individual,M,Gold,,London,2012,Modern Pentathlon,Modern Pentath.,,,,Individual,M,Gold,
Rio de Janeiro,2016,Rowing,Rowing,,,,Lightweight Double Sculls,F,Gold,,London,2012,Rowing,Rowing,,,,Lightweight Double Sculls,F,Gold,
Rio de Janeiro,2016,Rowing,Rowing,,,,Double Sculls,F,Gold,,London,2012,Rowing,Rowing,,,,Double Sculls,F,Gold,
Rio de Janeiro,2016,Rowing,Rowing,,,,Eight,F,Gold,,London,2012,Rowing,Rowing,,,,Eight,F,Gold,
Rio de Janeiro,2016,Rowing,Rowing,,,,Pair,F,Gold,,London,2012,Rowing,Rowing,,,,Pair,F,Gold,
Rio de Janeiro,2016,Rowing,Rowing,,,,Quadruple Sculls,F,Gold,,London,2012,Rowing,Rowing,,,,Quadruple Sculls,F,Gold,
Rio de Janeiro,2016,Rowing,Rowing,,,,Single Sculls,F,Gold,,London,2012,Rowing,Rowing,,,,Single Sculls,F,Gold,
Rio de Janeiro,2016,Rowing,Rowing,,,,Lightweight Double Sculls,M,Gold,,London,2012,Rowing,Rowing,,,,Lightweight Double Sculls,M,Gold,
Rio de Janeiro,2016,Rowing,Rowing,,,,Lightweight Four,M,Gold,,London,2012,Rowing,Rowing,,,,Lightweight Four,M,Gold,
Rio de Janeiro,2016,Rowing,Rowing,,,,Double Sculls,M,Gold,,London,2012,Rowing,Rowing,,,,Double Sculls,M,Gold,
Rio de Janeiro,2016,Rowing,Rowing,,,,Eight,M,Gold,,London,2012,Rowing,Rowing,,,,Eight,M,Gold,
Rio de Janeiro,2016,Rowing,Rowing,,,,Four,M,Gold,,London,2012,Rowing,Rowing,,,,Four,M,Gold,
Rio de Janeiro,2016,Rowing,Rowing,,,,Pair,M,Gold,,London,2012,Rowing,Rowing,,,,Pair,M,Gold,
Rio de Janeiro,2016,Rowing,Rowing,,,,Quadruple Sculls,M,Gold,,London,2012,Rowing,Rowing,,,,Quadruple Sculls,M,Gold,
Rio de Janeiro,2016,Rowing,Rowing,,,,Single Sculls,M,Gold,,London,2012,Rowing,Rowing,,,,Single Sculls,M,Gold,
Rio de Janeiro,2016,Rugby Sevens,Rugby Sevens,,,,Women,F,Gold,,London,2012,Sailing,Sailing,,,,470 Women,F,Gold,
Rio de Janeiro,2016,Rugby Sevens,Rugby Sevens,,,,Men,M,Gold,,London,2012,Sailing,Sailing,,,,Elliott Women,F,Gold,
Rio de Janeiro,2016,Sailing,Sailing,,,,470 Women,F,Gold,,London,2012,Sailing,Sailing,,,,Laser Radial Women,F,Gold,
Rio de Janeiro,2016,Sailing,Sailing,,,,49er FX Women,F,Gold,,London,2012,Sailing,Sailing,,,,RS:X Women,F,Gold,
Rio de Janeiro,2016,Sailing,Sailing,,,,Laser Radial Women,F,Gold,,London,2012,Sailing,Sailing,,,,470 Men,M,Gold,
Rio de Janeiro,2016,Sailing,Sailing,,,,RS:X Women,F,Gold,,London,2012,Sailing,Sailing,,,,49er Men,M,Gold,
Rio de Janeiro,2016,Sailing,Sailing,,,,470 Men,M,Gold,,London,2012,Sailing,Sailing,,,,Finn Men,M,Gold,
Rio de Janeiro,2016,Sailing,Sailing,,,,49er Men,M,Gold,,London,2012,Sailing,Sailing,,,,Laser Men,M,Gold,
Rio de Janeiro,2016,Sailing,Sailing,,,,Finn Men,M,Gold,,London,2012,Sailing,Sailing,,,,RS:X Men,M,Gold,
Rio de Janeiro,2016,Sailing,Sailing,,,,Laser Men,M,Gold,,London,2012,Sailing,Sailing,,,,Star Men,M,Gold,
Rio de Janeiro,2016,Sailing,Sailing,,,,RS:X Men,M,Gold,,London,2012,Shooting,Shooting,,,,10m Air Pistol Women,F,Gold,
Rio de Janeiro,2016,Sailing,Sailing,,,,Nacra 17 Mixed,X,Gold,,London,2012,Shooting,Shooting,,,,10m Air Rifle Women,F,Gold,
Rio de Janeiro,2016,Shooting,Shooting,,,,10m Air Pistol Women,F,Gold,,London,2012,Shooting,Shooting,,,,25m Pistol Women,F,Gold,
Rio de Janeiro,2016,Shooting,Shooting,,,,10m Air Rifle Women,F,Gold,,London,2012,Shooting,Shooting,,,,50m Rifle 3 Positions Women,F,Gold,
Rio de Janeiro,2016,Shooting,Shooting,,,,25m Pistol Women,F,Gold,,London,2012,Shooting,Shooting,,,,Skeet Women,F,Gold,
Rio de Janeiro,2016,Shooting,Shooting,,,,50m Rifle 3 Positions Women,F,Gold,,London,2012,Shooting,Shooting,,,,Trap Women,F,Gold,
Rio de Janeiro,2016,Shooting,Shooting,,,,Skeet Women,F,Gold,,London,2012,Shooting,Shooting,,,,10m Air Pistol Men,M,Gold,
Rio de Janeiro,2016,Shooting,Shooting,,,,Trap Women,F,Gold,,London,2012,Shooting,Shooting,,,,10m Air Rifle Men,M,Gold,
Rio de Janeiro,2016,Shooting,Shooting,,,,10m Air Pistol Men,M,Gold,,London,2012,Shooting,Shooting,,,,25m Rapid Fire Pistol Men,M,Gold,
Rio de Janeiro,2016,Shooting,Shooting,,,,10m Air Rifle Men,M,Gold,,London,2012,Shooting,Shooting,,,,50m Pistol Men,M,Gold,
Rio de Janeiro,2016,Shooting,Shooting,,,,25m Rapid Fire Pistol Men,M,Gold,,London,2012,Shooting,Shooting,,,,50m Rifle 3 Positions Men,M,Gold,
Rio de Janeiro,2016,Shooting,Shooting,,,,50m Pistol Men,M,Gold,,London,2012,Shooting,Shooting,,,,50m Rifle Prone Men,M,Gold,
Rio de Janeiro,2016,Shooting,Shooting,,,,50m Rifle 3 Positions Men,M,Gold,,London,2012,Shooting,Shooting,,,,Double Trap Men,M,Gold,
Rio de Janeiro,2016,Shooting,Shooting,,,,50m Rifle Prone Men,M,Gold,,London,2012,Shooting,Shooting,,,,Skeet Men,M,Gold,
Rio de Janeiro,2016,Shooting,Shooting,,,,Double Trap Men,M,Gold,,London,2012,Shooting,Shooting,,,,Trap Men,M,Gold,
Rio de Janeiro,2016,Shooting,Shooting,,,,Skeet Men,M,Gold,,,,Table Tennis,Table Tennis,,,,Singles,F,Gold,
Rio de Janeiro,2016,Shooting,Shooting,,,,Trap Men,M,Gold,,,,Table Tennis,Table Tennis,,,,Team,F,Gold,
Rio de Janeiro,2016,Table Tennis,Table Tennis,,,,Singles,F,Gold,,,,Table Tennis,Table Tennis,,,,Singles,M,Gold,
Rio de Janeiro,2016,Table Tennis,Table Tennis,,,,Team,F,Gold,,,,Table Tennis,Table Tennis,,,,Team,M,Gold,
Rio de Janeiro,2016,Table Tennis,Table Tennis,,,,Singles,M,Gold,,,,Taekwondo,Taekwondo,,,,+ 67 kg,F,Gold,
Rio de Janeiro,2016,Table Tennis,Table Tennis,,,,Team,M,Gold,,,,Taekwondo,Taekwondo,,,,- 49 kg,F,Gold,
Rio de Janeiro,2016,Taekwondo,Taekwondo,,,,+ 67 kg,F,Gold,,,,Taekwondo,Taekwondo,,,,49 - 57 kg,F,Gold,
Rio de Janeiro,2016,Taekwondo,Taekwondo,,,,- 49 kg,F,Gold,,,,Taekwondo,Taekwondo,,,,57 - 67 kg,F,Gold,
Rio de Janeiro,2016,Taekwondo,Taekwondo,,,,49 - 57 kg,F,Gold,,,,Taekwondo,Taekwondo,,,,+ 80 kg,M,Gold,
Rio de Janeiro,2016,Taekwondo,Taekwondo,,,,57 - 67 kg,F,Gold,,,,Taekwondo,Taekwondo,,,,- 58 kg,M,Gold,
Rio de Janeiro,2016,Taekwondo,Taekwondo,,,,+ 80 kg,M,Gold,,,,Taekwondo,Taekwondo,,,,58 - 68 kg,M,Gold,
Rio de Janeiro,2016,Taekwondo,Taekwondo,,,,- 58 kg,M,Gold,,,,Taekwondo,Taekwondo,,,,68 - 80 kg,M,Gold,
Rio de Janeiro,2016,Taekwondo,Taekwondo,,,,58 - 68 kg,M,Gold,,,,Tennis,Tennis,,,,Doubles,F,Gold,
Rio de Janeiro,2016,Taekwondo,Taekwondo,,,,68 - 80 kg,M,Gold,,,,Tennis,Tennis,,,,Singles,F,Gold,
Rio de Janeiro,2016,Tennis,Tennis,,,,Doubles,F,Gold,,,,Tennis,Tennis,,,,Doubles,M,Gold,
Rio de Janeiro,2016,Tennis,Tennis,,,,Singles,F,Gold,,,,Tennis,Tennis,,,,Singles,M,Gold,
Rio de Janeiro,2016,Tennis,Tennis,,,,Doubles,M,Gold,,,,Tennis,Tennis,,,,Mixed Doubles,X,Gold,
Rio de Janeiro,2016,Tennis,Tennis,,,,Singles,M,Gold,,,,Triathlon,Triathlon,,,,Women,F,Gold,
Rio de Janeiro,2016,Tennis,Tennis,,,,Mixed Doubles,X,Gold,,,,Triathlon,Triathlon,,,,Men,M,Gold,
Rio de Janeiro,2016,Triathlon,Triathlon,,,,Women,F,Gold,,,,Volleyball,Beach volley.,,,,Women,F,Gold,
Rio de Janeiro,2016,Triathlon,Triathlon,,,,Men,M,Gold,,,,Volleyball,Beach volley.,,,,Men,M,Gold,
Rio de Janeiro,2016,Volleyball,Beach volley.,,,,Women,F,Gold,,,,Volleyball,Volleyball,,,,Women,F,Gold,
Rio de Janeiro,2016,Volleyball,Beach volley.,,,,Men,M,Gold,,,,Volleyball,Volleyball,,,,Men,M,Gold,
Rio de Janeiro,2016,Volleyball,Volleyball,,,,Women,F,Gold,,,,Weightlifting,Weightlifting,,,,+75kg,F,Gold,
Rio de Janeiro,2016,Volleyball,Volleyball,,,,Men,M,Gold,,,,Weightlifting,Weightlifting,,,,48kg,F,Gold,
Rio de Janeiro,2016,Weightlifting,Weightlifting,,,,+75kg,F,Gold,,,,Weightlifting,Weightlifting,,,,53kg,F,Gold,
Rio de Janeiro,2016,Weightlifting,Weightlifting,,,,48kg,F,Gold,,,,Weightlifting,Weightlifting,,,,58kg,F,Gold,
Rio de Janeiro,2016,Weightlifting,Weightlifting,,,,53kg,F,Gold,,,,Weightlifting,Weightlifting,,,,63kg,F,Gold,
Rio de Janeiro,2016,Weightlifting,Weightlifting,,,,58kg,F,Gold,,,,Weightlifting,Weightlifting,,,,69kg,F,Gold,
Rio de Janeiro,2016,Weightlifting,Weightlifting,,,,63kg,F,Gold,,,,Weightlifting,Weightlifting,,,,75kg,F,Gold,
Rio de Janeiro,2016,Weightlifting,Weightlifting,,,,69kg,F,Gold,,,,Weightlifting,Weightlifting,,,,+105kg,M,Gold,
Rio de Janeiro,2016,Weightlifting,Weightlifting,,,,75kg,F,Gold,,,,Weightlifting,Weightlifting,,,,105kg,M,Gold,
Rio de Janeiro,2016,Weightlifting,Weightlifting,,,,+105kg,M,Gold,,,,Weightlifting,Weightlifting,,,,56kg,M,Gold,
Rio de Janeiro,2016,Weightlifting,Weightlifting,,,,105kg,M,Gold,,,,Weightlifting,Weightlifting,,,,62kg,M,Gold,
Rio de Janeiro,2016,Weightlifting,Weightlifting,,,,56kg,M,Gold,,,,Weightlifting,Weightlifting,,,,69kg,M,Gold,
Rio de Janeiro,2016,Weightlifting,Weightlifting,,,,62kg,M,Gold,,,,Weightlifting,Weightlifting,,,,77kg,M,Gold,
Rio de Janeiro,2016,Weightlifting,Weightlifting,,,,69kg,M,Gold,,,,Weightlifting,Weightlifting,,,,85kg,M,Gold,
Rio de Janeiro,2016,Weightlifting,Weightlifting,,,,77kg,M,Gold,,,,Weightlifting,Weightlifting,,,,94kg,M,Gold,
Rio de Janeiro,2016,Weightlifting,Weightlifting,,,,85kg,M,Gold,,,,Wrestling,Wrestling Free.,,,,Freestyle 48 kg,F,Gold,
Rio de Janeiro,2016,Weightlifting,Weightlifting,,,,94kg,M,Gold,,,,Wrestling,Wrestling Free.,,,,Freestyle 55 kg,F,Gold,
Rio de Janeiro,2016,Wrestling,Wrestling Free.,,,,Freestyle 48 kg,F,Gold,,,,Wrestling,Wrestling Free.,,,,Freestyle 63 kg,F,Gold,
Rio de Janeiro,2016,Wrestling,Wrestling Free.,,,,Freestyle 53 kg,F,Gold,,,,Wrestling,Wrestling Free.,,,,Freestyle 72 kg,F,Gold,
Rio de Janeiro,2016,Wrestling,Wrestling Free.,,,,Freestyle 58 kg,F,Gold,,,,Wrestling,Wrestling Free.,,,,Freestyle 55 kg,M,Gold,
Rio de Janeiro,2016,Wrestling,Wrestling Free.,,,,Freestyle 63 kg,F,Gold,,,,Wrestling,Wrestling Free.,,,,Freestyle 60 kg,M,Gold,
Rio de Janeiro,2016,Wrestling,Wrestling Free.,,,,Freestyle 69 kg,F,Gold,,,,Wrestling,Wrestling Free.,,,,Freestyle 66 kg,M,Gold,
Rio de Janeiro,2016,Wrestling,Wrestling Free.,,,,Freestyle 75 kg,F,Gold,,,,Wrestling,Wrestling Free.,,,,Freestyle 74 kg,M,Gold,
Rio de Janeiro,2016,Wrestling,Wrestling Free.,,,,Freestyle 125 kg,M,Gold,,,,Wrestling,Wrestling Free.,,,,Freestyle 84 kg,M,Gold,
Rio de Janeiro,2016,Wrestling,Wrestling Free.,,,,Freestyle 57 kg,M,Gold,,,,Wrestling,Wrestling Free.,,,,Freestyle 96 kg,M,Gold,
Rio de Janeiro,2016,Wrestling,Wrestling Free.,,,,Freestyle 65 kg,M,Gold,,,,Wrestling,Wrestling Free.,,,,Freestyle 120 kg,M,Gold,
Rio de Janeiro,2016,Wrestling,Wrestling Free.,,,,Freestyle 74 kg,M,Gold,,,,Wrestling,Wrestling Gre-R,,,,Greco-Roman 55 kg,M,Gold,
Rio de Janeiro,2016,Wrestling,Wrestling Free.,,,,Freestyle 86 kg,M,Gold,,,,Wrestling,Wrestling Gre-R,,,,Greco-Roman 60 kg,M,Gold,
Rio de Janeiro,2016,Wrestling,Wrestling Free.,,,,Freestyle 97 kg,M,Gold,,,,Wrestling,Wrestling Gre-R,,,,Greco-Roman 66 kg,M,Gold,
Rio de Janeiro,2016,Wrestling,Wrestling Gre-R,,,,Greco-Roman 130 kg,M,Gold,,,,Wrestling,Wrestling Gre-R,,,,Greco-Roman 74 kg,M,Gold,
Rio de Janeiro,2016,Wrestling,Wrestling Gre-R,,,,Greco-Roman 59 kg,M,Gold,,,,Wrestling,Wrestling Gre-R,,,,Greco-Roman 84 kg,M,Gold,
Rio de Janeiro,2016,Wrestling,Wrestling Gre-R,,,,Greco-Roman 66 kg,M,Gold,,,,Wrestling,Wrestling Gre-R,,,,Greco-Roman 96 kg,M,Gold,
Rio de Janeiro,2016,Wrestling,Wrestling Gre-R,,,,Greco-Roman 75 kg,M,Gold,,,,Wrestling,Wrestling Gre-R,,,,Greco-Roman 120 kg,M,Gold,
Rio de Janeiro,2016,Wrestling,Wrestling Gre-R,,,,Greco-Roman 85 kg,M,Gold,,,,,,,,,,,,
Rio de Janeiro,2016,Wrestling,Wrestling Gre-R,,,,Greco-Roman 98 kg,M,Gold,,,,,,,,,,,,
,,,,,,,,,,,,,,,,,,,,,
,,,,,,,,,,,,,,,,,,,,,
,,,,,,,,,,,,,,,,,,,,,
,,,,,,,,,,,,,,,,,,,,,47